powder_id,trial,cycle,taps,nudges,m_before,m_after,delta_mg,t_ms
carboxymethyl-cellulose,1,1,1,0,0.272,0.2798,7.799999999999974,157739
carboxymethyl-cellulose,1,2,2,0,0.2798,0.2771,-2.69999999999998,160033
carboxymethyl-cellulose,1,3,3,0,0.2771,0.2816,4.5000000000000036,161754
carboxymethyl-cellulose,1,4,4,0,0.2816,0.2751,-6.500000000000005,164434
carboxymethyl-cellulose,1,5,5,0,0.2751,0.2783,3.1999999999999806,166345
carboxymethyl-cellulose,1,6,6,0,0.2783,0.2782,-0.09999999999998899,168258
carboxymethyl-cellulose,1,7,7,0,0.2782,0.2743,-3.9000000000000146,169979
carboxymethyl-cellulose,1,8,8,0,0.2743,0.2757,1.4000000000000123,173230
carboxymethyl-cellulose,1,9,9,0,0.2757,0.275,-0.6999999999999784,175717
carboxymethyl-cellulose,1,10,10,0,0.275,0.2807,5.699999999999983,177439
carboxymethyl-cellulose,1,11,11,0,0.2807,0.28,-0.6999999999999784,179541
carboxymethyl-cellulose,1,12,12,0,0.28,0.2783,-1.7000000000000348,183368
carboxymethyl-cellulose,1,13,13,0,0.2783,0.2743,-4.0000000000000036,185281
carboxymethyl-cellulose,1,14,14,1,0.2743,0.2833,9.000000000000007,190636
carboxymethyl-cellulose,1,15,15,1,0.2833,0.2778,-5.500000000000005,192165
carboxymethyl-cellulose,1,16,16,1,0.2778,0.2634,-14.399999999999968,193887
carboxymethyl-cellulose,1,17,17,1,0.2634,0.2743,10.899999999999965,195800
carboxymethyl-cellulose,1,18,18,1,0.2743,0.2767,2.4000000000000132,197713
carboxymethyl-cellulose,1,19,19,1,0.2767,0.2818,5.099999999999993,199625
carboxymethyl-cellulose,1,20,20,1,0.2818,0.2745,-7.299999999999973,201550
carboxymethyl-cellulose,1,21,21,1,0.2745,0.2773,2.799999999999969,203266
carboxymethyl-cellulose,1,22,22,1,0.2773,0.2839,6.599999999999994,205554
carboxymethyl-cellulose,1,23,23,1,0.2839,0.2782,-5.699999999999983,208232
carboxymethyl-cellulose,1,24,24,1,0.2782,0.2782,0.0,209762
carboxymethyl-cellulose,1,25,25,1,0.2782,0.275,-3.1999999999999806,211866
carboxymethyl-cellulose,1,26,26,2,0.275,0.282,6.99999999999995,217794
carboxymethyl-cellulose,1,27,27,2,0.282,0.2775,-4.4999999999999485,220091
carboxymethyl-cellulose,1,28,28,2,0.2775,0.2794,1.8999999999999573,222004
carboxymethyl-cellulose,1,29,29,2,0.2794,0.2819,2.500000000000002,224490
carboxymethyl-cellulose,1,30,30,2,0.2819,0.2793,-2.599999999999991,228506
carboxymethyl-cellulose,1,31,31,2,0.2793,0.2765,-2.799999999999969,230418
carboxymethyl-cellulose,1,32,32,2,0.2765,0.2801,3.599999999999992,234053
carboxymethyl-cellulose,1,33,33,2,0.2801,0.2843,4.1999999999999815,235976
carboxymethyl-cellulose,1,34,34,2,0.2843,0.2773,-7.000000000000006,237692
carboxymethyl-cellulose,1,35,35,2,0.2773,0.2784,1.0999999999999899,239791
carboxymethyl-cellulose,1,36,36,2,0.2784,0.2804,2.0000000000000018,243234
carboxymethyl-cellulose,1,37,37,2,0.2804,0.2866,6.200000000000038,245146
carboxymethyl-cellulose,1,38,38,2,0.2866,0.2819,-4.7000000000000375,247058
carboxymethyl-cellulose,1,39,39,2,0.2819,0.2813,-0.5999999999999894,248970
carboxymethyl-cellulose,1,40,40,2,0.2813,0.2799,-1.4000000000000123,250883
carboxymethyl-cellulose,1,41,41,3,0.2799,0.2868,6.900000000000017,256430
carboxymethyl-cellulose,1,42,42,3,0.2868,0.2924,5.599999999999994,259300
carboxymethyl-cellulose,1,43,43,3,0.2924,0.2924,0.0,264081
carboxymethyl-cellulose,1,44,44,3,0.2924,0.2904,-2.0000000000000018,265993
carboxymethyl-cellulose,1,45,45,3,0.2904,0.2892,-1.1999999999999789,268479
carboxymethyl-cellulose,1,46,46,4,0.2892,0.2979,8.699999999999985,274026
carboxymethyl-cellulose,1,47,47,4,0.2979,0.3024,4.5000000000000036,275747
carboxymethyl-cellulose,1,48,48,4,0.3024,0.3019,-0.5000000000000004,277660
carboxymethyl-cellulose,1,49,49,4,0.3019,0.3029,1.0000000000000009,280721
carboxymethyl-cellulose,1,50,50,4,0.3029,0.2947,-8.199999999999985,283016
carboxymethyl-cellulose,1,51,51,4,0.2947,0.2977,3.0000000000000027,284737
carboxymethyl-cellulose,1,52,52,4,0.2977,0.2957,-2.0000000000000018,287606
carboxymethyl-cellulose,1,53,53,4,0.2957,0.2945,-1.2000000000000344,290093
carboxymethyl-cellulose,1,54,54,4,0.2945,0.2962,1.7000000000000348,293345
carboxymethyl-cellulose,1,55,55,4,0.2962,0.2958,-0.40000000000001146,294875
carboxymethyl-cellulose,1,56,56,4,0.2958,0.3015,5.699999999999983,296787
carboxymethyl-cellulose,1,57,57,4,0.3015,0.2966,-4.9000000000000155,298700
carboxymethyl-cellulose,1,58,58,4,0.2966,0.3038,7.20000000000004,300611
carboxymethyl-cellulose,1,59,59,4,0.3038,0.3058,2.0000000000000018,302908
carboxymethyl-cellulose,1,60,60,4,0.3058,0.2943,-11.50000000000001,304629
carboxymethyl-cellulose,1,61,61,4,0.2943,0.2983,4.0000000000000036,307115
carboxymethyl-cellulose,1,62,62,4,0.2983,0.2981,-0.20000000000003348,308654
carboxymethyl-cellulose,1,63,63,4,0.2981,0.2981,0.0,313619
carboxymethyl-cellulose,1,64,64,4,0.2981,0.3011,3.0000000000000027,315531
carboxymethyl-cellulose,1,65,65,4,0.3011,0.3032,2.1000000000000463,317444
carboxymethyl-cellulose,1,66,66,4,0.3032,0.2952,-8.000000000000007,319165
carboxymethyl-cellulose,1,67,67,4,0.2952,0.302,6.799999999999972,321077
carboxymethyl-cellulose,1,68,68,4,0.302,0.2966,-5.400000000000016,322990
carboxymethyl-cellulose,1,69,69,4,0.2966,0.2957,-0.8999999999999564,325094
carboxymethyl-cellulose,1,70,70,4,0.2957,0.2911,-4.5999999999999925,327199
carboxymethyl-cellulose,1,71,71,5,0.2911,0.2952,4.0999999999999925,332555
carboxymethyl-cellulose,1,72,72,5,0.2952,0.2986,3.3999999999999586,334465
carboxymethyl-cellulose,1,73,73,5,0.2986,0.3005,1.9000000000000128,337910
carboxymethyl-cellulose,1,74,74,5,0.3005,0.2995,-1.0000000000000009,339439
carboxymethyl-cellulose,1,75,75,5,0.2995,0.2971,-2.4000000000000132,341160
carboxymethyl-cellulose,1,76,76,5,0.2971,0.3022,5.100000000000049,342881
carboxymethyl-cellulose,1,77,77,5,0.3022,0.3049,2.69999999999998,344603
carboxymethyl-cellulose,1,78,78,5,0.3049,0.3025,-2.4000000000000132,346907
carboxymethyl-cellulose,1,79,79,5,0.3025,0.3013,-1.1999999999999789,349385
carboxymethyl-cellulose,1,80,80,5,0.3013,0.3041,2.799999999999969,351488
carboxymethyl-cellulose,1,81,81,5,0.3041,0.2982,-5.899999999999961,353592
carboxymethyl-cellulose,1,82,82,5,0.2982,0.3025,4.2999999999999705,355313
carboxymethyl-cellulose,1,83,83,5,0.3025,0.2998,-2.69999999999998,357418
carboxymethyl-cellulose,1,84,84,5,0.2998,0.3061,6.299999999999972,359139
carboxymethyl-cellulose,1,85,85,5,0.3061,0.293,-13.100000000000001,360669
carboxymethyl-cellulose,1,86,86,5,0.293,0.2987,5.700000000000038,362390
carboxymethyl-cellulose,1,87,87,5,0.2987,0.3018,3.0999999999999917,364686
carboxymethyl-cellulose,1,88,88,5,0.3018,0.3049,3.0999999999999917,366407
carboxymethyl-cellulose,1,89,89,5,0.3049,0.2992,-5.699999999999983,368510
carboxymethyl-cellulose,1,90,90,5,0.2992,0.3009,1.6999999999999793,370423
carboxymethyl-cellulose,1,91,91,5,0.3009,0.2895,-11.400000000000022,372336
carboxymethyl-cellulose,1,92,92,5,0.2895,0.2992,9.700000000000042,374631
carboxymethyl-cellulose,1,93,93,5,0.2992,0.2846,-14.600000000000001,376543
carboxymethyl-cellulose,1,94,94,5,0.2846,0.2936,9.000000000000007,378456
carboxymethyl-cellulose,1,95,95,5,0.2936,0.3021,8.499999999999952,380177
carboxymethyl-cellulose,1,96,96,5,0.3021,0.2972,-4.8999999999999595,381899
carboxymethyl-cellulose,1,97,97,5,0.2972,0.2932,-4.0000000000000036,384003
carboxymethyl-cellulose,1,98,98,5,0.2932,0.2956,2.3999999999999577,386106
carboxymethyl-cellulose,1,99,99,5,0.2956,0.2953,-0.29999999999996696,387638
carboxymethyl-cellulose,1,100,100,5,0.2953,0.2955,0.19999999999997797,389561
carboxymethyl-cellulose,1,101,101,5,0.2955,0.3009,5.400000000000016,391847
carboxymethyl-cellulose,1,102,102,5,0.3009,0.3019,1.0000000000000009,393949
carboxymethyl-cellulose,1,103,103,5,0.3019,0.2948,-7.099999999999995,396244
carboxymethyl-cellulose,1,104,104,5,0.2948,0.3036,8.799999999999974,397965
carboxymethyl-cellulose,1,105,105,5,0.3036,0.2906,-12.999999999999956,399878
carboxymethyl-cellulose,1,106,106,5,0.2906,0.3019,11.299999999999976,401982
carboxymethyl-cellulose,1,107,107,5,0.3019,0.2975,-4.400000000000015,406190
carboxymethyl-cellulose,1,108,108,5,0.2975,0.2966,-0.9000000000000119,408102
carboxymethyl-cellulose,1,109,109,5,0.2966,0.3058,9.200000000000042,410015
carboxymethyl-cellulose,1,110,110,5,0.3058,0.3002,-5.599999999999994,412310
carboxymethyl-cellulose,1,111,111,5,0.3002,0.2913,-8.90000000000002,414031
carboxymethyl-cellulose,1,112,112,5,0.2913,0.2909,-0.40000000000001146,415561
carboxymethyl-cellulose,1,113,113,6,0.2909,0.2989,8.000000000000007,421491
carboxymethyl-cellulose,1,114,114,6,0.2989,0.2941,-4.8000000000000265,423404
carboxymethyl-cellulose,1,115,115,6,0.2941,0.2981,4.0000000000000036,425507
carboxymethyl-cellulose,1,116,116,6,0.2981,0.2977,-0.39999999999995595,427038
carboxymethyl-cellulose,1,117,117,6,0.2977,0.3039,6.199999999999983,429141
carboxymethyl-cellulose,1,118,118,6,0.3039,0.2961,-7.800000000000029,431054
carboxymethyl-cellulose,1,119,119,6,0.2961,0.3044,8.30000000000003,432775
carboxymethyl-cellulose,1,120,120,6,0.3044,0.3008,-3.599999999999992,434496
carboxymethyl-cellulose,2,1,1,0,0.2886,0.3097,21.09999999999995,467681
carboxymethyl-cellulose,2,2,2,0,0.3097,0.3148,5.100000000000049,469601
carboxymethyl-cellulose,2,3,3,0,0.3148,0.3116,-3.200000000000036,471507
carboxymethyl-cellulose,2,4,4,0,0.3116,0.3034,-8.199999999999985,473609
carboxymethyl-cellulose,2,5,5,0,0.3034,0.2994,-4.0000000000000036,475331
carboxymethyl-cellulose,2,6,6,1,0.2994,0.3007,1.3000000000000234,480496
carboxymethyl-cellulose,2,7,7,1,0.3007,0.3002,-0.5000000000000004,482026
carboxymethyl-cellulose,2,8,8,1,0.3002,0.3063,6.099999999999994,483939
carboxymethyl-cellulose,2,9,9,1,0.3063,0.2983,-8.000000000000007,486041
carboxymethyl-cellulose,2,10,10,1,0.2983,0.2939,-4.400000000000015,487573
carboxymethyl-cellulose,2,11,11,1,0.2939,0.2999,6.000000000000005,490059
carboxymethyl-cellulose,2,12,12,1,0.2999,0.2999,0.0,491972
carboxymethyl-cellulose,2,13,13,1,0.2999,0.2905,-9.40000000000002,497327
carboxymethyl-cellulose,2,14,14,1,0.2905,0.3041,13.600000000000001,499048
carboxymethyl-cellulose,2,15,15,1,0.3041,0.3046,0.5000000000000004,500770
carboxymethyl-cellulose,2,16,16,1,0.3046,0.308,3.400000000000014,503064
carboxymethyl-cellulose,2,17,17,1,0.308,0.3101,2.0999999999999908,504785
carboxymethyl-cellulose,2,18,18,1,0.3101,0.3083,-1.7999999999999683,506698
carboxymethyl-cellulose,2,19,19,1,0.3083,0.3015,-6.800000000000028,508419
carboxymethyl-cellulose,2,20,20,1,0.3015,0.3106,9.099999999999998,510524
carboxymethyl-cellulose,2,21,21,1,0.3106,0.301,-9.599999999999998,512245
carboxymethyl-cellulose,2,22,22,1,0.301,0.305,4.0000000000000036,514158
carboxymethyl-cellulose,2,23,23,1,0.305,0.3046,-0.40000000000001146,516452
carboxymethyl-cellulose,2,24,24,1,0.3046,0.3102,5.599999999999994,518557
carboxymethyl-cellulose,2,25,25,1,0.3102,0.3066,-3.599999999999992,520470
carboxymethyl-cellulose,2,26,26,1,0.3066,0.3035,-3.0999999999999917,522383
carboxymethyl-cellulose,2,27,27,1,0.3035,0.3125,9.000000000000007,524294
carboxymethyl-cellulose,2,28,28,1,0.3125,0.3097,-2.8000000000000247,526116
carboxymethyl-cellulose,2,29,29,1,0.3097,0.3091,-0.5999999999999894,528789
carboxymethyl-cellulose,2,30,30,1,0.3091,0.3107,1.5999999999999903,530701
carboxymethyl-cellulose,2,31,31,1,0.3107,0.3071,-3.599999999999992,532614
carboxymethyl-cellulose,2,32,32,1,0.3071,0.3096,2.500000000000002,534527
carboxymethyl-cellulose,2,33,33,1,0.3096,0.3004,-9.199999999999985,536249
carboxymethyl-cellulose,2,34,34,1,0.3004,0.3093,8.90000000000002,538353
carboxymethyl-cellulose,2,35,35,1,0.3093,0.3024,-6.900000000000017,540266
carboxymethyl-cellulose,2,36,36,1,0.3024,0.3082,5.799999999999972,542177
carboxymethyl-cellulose,2,37,37,1,0.3082,0.3126,4.400000000000015,544090
carboxymethyl-cellulose,2,38,38,1,0.3126,0.3108,-1.7999999999999683,546003
carboxymethyl-cellulose,2,39,39,1,0.3108,0.3099,-0.9000000000000119,548299
carboxymethyl-cellulose,2,40,40,1,0.3099,0.3094,-0.5000000000000004,549829
carboxymethyl-cellulose,2,41,41,2,0.3094,0.3091,-0.30000000000002247,555184
carboxymethyl-cellulose,2,42,42,2,0.3091,0.3127,3.599999999999992,557097
carboxymethyl-cellulose,2,43,43,2,0.3127,0.2991,-13.600000000000001,558818
carboxymethyl-cellulose,2,44,44,2,0.2991,0.3157,16.600000000000005,560731
carboxymethyl-cellulose,2,45,45,2,0.3157,0.3022,-13.499999999999957,562642
carboxymethyl-cellulose,2,46,46,2,0.3022,0.3095,7.299999999999973,564555
carboxymethyl-cellulose,2,47,47,2,0.3095,0.3067,-2.8000000000000247,566660
carboxymethyl-cellulose,2,48,48,2,0.3067,0.3083,1.6000000000000458,570867
carboxymethyl-cellulose,2,49,49,2,0.3083,0.3088,0.5000000000000004,572972
carboxymethyl-cellulose,2,50,50,2,0.3088,0.3096,0.7999999999999674,575074
carboxymethyl-cellulose,2,51,51,2,0.3096,0.3123,2.7000000000000357,577179
carboxymethyl-cellulose,2,52,52,2,0.3123,0.2972,-15.100000000000001,579001
carboxymethyl-cellulose,2,53,53,2,0.2972,0.3019,4.6999999999999815,580909
carboxymethyl-cellulose,2,54,54,2,0.3019,0.3107,8.799999999999974,582822
carboxymethyl-cellulose,2,55,55,2,0.3107,0.3034,-7.299999999999973,589134
carboxymethyl-cellulose,2,56,56,2,0.3034,0.3135,10.099999999999998,591046
carboxymethyl-cellulose,2,57,57,2,0.3135,0.3047,-8.799999999999974,592958
carboxymethyl-cellulose,2,58,58,2,0.3047,0.3095,4.7999999999999705,595062
carboxymethyl-cellulose,2,59,59,2,0.3095,0.3113,1.8000000000000238,597167
carboxymethyl-cellulose,2,60,60,2,0.3113,0.3038,-7.500000000000007,598888
carboxymethyl-cellulose,2,61,61,2,0.3038,0.307,3.1999999999999806,600801
carboxymethyl-cellulose,2,62,62,2,0.307,0.3095,2.500000000000002,602712
carboxymethyl-cellulose,2,63,63,2,0.3095,0.3121,2.599999999999991,604625
carboxymethyl-cellulose,2,64,64,2,0.3121,0.3015,-10.599999999999998,606538
carboxymethyl-cellulose,2,65,65,2,0.3015,0.3069,5.400000000000016,608451
carboxymethyl-cellulose,2,66,66,2,0.3069,0.2987,-8.199999999999985,610745
carboxymethyl-cellulose,2,67,67,2,0.2987,0.3028,4.0999999999999925,613041
carboxymethyl-cellulose,2,68,68,2,0.3028,0.3016,-1.2000000000000344,615146
carboxymethyl-cellulose,2,69,69,2,0.3016,0.3134,11.800000000000033,617057
carboxymethyl-cellulose,2,70,70,2,0.3134,0.3073,-6.099999999999994,618970
carboxymethyl-cellulose,2,71,71,2,0.3073,0.3135,6.199999999999983,620883
carboxymethyl-cellulose,2,72,72,2,0.3135,0.3078,-5.699999999999983,623179
carboxymethyl-cellulose,2,73,73,2,0.3078,0.2968,-11.00000000000001,625101
carboxymethyl-cellulose,2,74,74,2,0.2968,0.308,11.199999999999989,627197
carboxymethyl-cellulose,2,75,75,2,0.308,0.3048,-3.1999999999999806,629107
carboxymethyl-cellulose,2,76,76,2,0.3048,0.307,2.1999999999999797,631020
carboxymethyl-cellulose,2,77,77,2,0.307,0.3107,3.699999999999981,632933
carboxymethyl-cellulose,2,78,78,2,0.3107,0.3034,-7.299999999999973,634654
carboxymethyl-cellulose,2,79,79,2,0.3034,0.2973,-6.099999999999994,636566
carboxymethyl-cellulose,2,80,80,2,0.2973,0.3045,7.199999999999984,638478
carboxymethyl-cellulose,2,81,81,2,0.3045,0.3071,2.599999999999991,640966
carboxymethyl-cellulose,2,82,82,2,0.3071,0.3124,5.300000000000027,642877
carboxymethyl-cellulose,2,83,83,2,0.3124,0.3032,-9.199999999999985,644790
carboxymethyl-cellulose,2,84,84,2,0.3032,0.3107,7.499999999999951,646895
carboxymethyl-cellulose,2,85,85,2,0.3107,0.298,-12.699999999999989,649000
carboxymethyl-cellulose,2,86,86,2,0.298,0.2969,-1.0999999999999899,650911
carboxymethyl-cellulose,2,87,87,2,0.2969,0.3003,3.400000000000014,652823
carboxymethyl-cellulose,2,88,88,2,0.3003,0.3105,10.199999999999987,654736
carboxymethyl-cellulose,2,89,89,2,0.3105,0.3046,-5.900000000000016,656649
carboxymethyl-cellulose,2,90,90,2,0.3046,0.3083,3.7000000000000366,658754
carboxymethyl-cellulose,2,91,91,2,0.3083,0.309,0.6999999999999784,660665
carboxymethyl-cellulose,2,92,92,2,0.309,0.3116,2.599999999999991,662578
carboxymethyl-cellulose,2,93,93,2,0.3116,0.3074,-4.1999999999999815,664490
carboxymethyl-cellulose,2,94,94,2,0.3074,0.3044,-3.0000000000000027,666605
carboxymethyl-cellulose,2,95,95,2,0.3044,0.3081,3.699999999999981,668511
carboxymethyl-cellulose,2,96,96,2,0.3081,0.2947,-13.399999999999967,670802
carboxymethyl-cellulose,2,97,97,2,0.2947,0.3106,15.89999999999997,673097
carboxymethyl-cellulose,2,98,98,2,0.3106,0.3112,0.5999999999999894,675201
carboxymethyl-cellulose,2,99,99,2,0.3112,0.3145,3.300000000000025,677114
carboxymethyl-cellulose,2,100,100,2,0.3145,0.3096,-4.9000000000000155,679409
carboxymethyl-cellulose,2,101,101,2,0.3096,0.3051,-4.5000000000000036,681130
carboxymethyl-cellulose,2,102,102,2,0.3051,0.308,2.9000000000000137,683043
carboxymethyl-cellulose,2,103,103,2,0.308,0.3122,4.1999999999999815,685912
carboxymethyl-cellulose,2,104,104,2,0.3122,0.3032,-8.999999999999952,687633
carboxymethyl-cellulose,2,105,105,2,0.3032,0.31,6.799999999999972,689737
carboxymethyl-cellulose,2,106,106,2,0.31,0.3009,-9.099999999999998,691841
carboxymethyl-cellulose,2,107,107,2,0.3009,0.3078,6.900000000000017,693754
carboxymethyl-cellulose,2,108,108,2,0.3078,0.2992,-8.599999999999996,695858
carboxymethyl-cellulose,2,109,109,2,0.2992,0.2976,-1.6000000000000458,698536
carboxymethyl-cellulose,2,110,110,2,0.2976,0.3128,15.200000000000047,700641
carboxymethyl-cellulose,2,111,111,2,0.3128,0.308,-4.8000000000000265,702551
carboxymethyl-cellulose,2,112,112,2,0.308,0.3024,-5.599999999999994,704470
carboxymethyl-cellulose,2,113,113,2,0.3024,0.2952,-7.199999999999984,706569
carboxymethyl-cellulose,2,114,114,3,0.2952,0.3018,6.599999999999994,712116
carboxymethyl-cellulose,2,115,115,3,0.3018,0.305,3.1999999999999806,714219
carboxymethyl-cellulose,2,116,116,3,0.305,0.3093,4.300000000000026,716515
carboxymethyl-cellulose,2,117,117,3,0.3093,0.3028,-6.500000000000005,718044
carboxymethyl-cellulose,2,118,118,3,0.3028,0.3084,5.599999999999994,719766
carboxymethyl-cellulose,2,119,119,3,0.3084,0.3156,7.199999999999984,722062
carboxymethyl-cellulose,2,120,120,3,0.3156,0.3072,-8.400000000000018,724548
carboxymethyl-cellulose,3,1,1,0,0.3205,0.3319,11.399999999999967,767008
carboxymethyl-cellulose,3,2,2,0,0.3319,0.3226,-9.299999999999976,768729
carboxymethyl-cellulose,3,3,3,0,0.3226,0.3338,11.199999999999989,770642
carboxymethyl-cellulose,3,4,4,0,0.3338,0.3297,-4.0999999999999925,773511
carboxymethyl-cellulose,3,5,5,0,0.3297,0.3275,-2.1999999999999797,775424
carboxymethyl-cellulose,3,6,6,0,0.3275,0.3297,2.1999999999999797,777145
carboxymethyl-cellulose,3,7,7,0,0.3297,0.3238,-5.900000000000016,778867
carboxymethyl-cellulose,3,8,8,0,0.3238,0.3262,2.4000000000000132,780588
carboxymethyl-cellulose,3,9,9,0,0.3262,0.3263,0.09999999999998899,782882
carboxymethyl-cellulose,3,10,10,0,0.3263,0.3212,-5.099999999999993,785368
carboxymethyl-cellulose,3,11,11,0,0.3212,0.3286,7.400000000000018,788046
carboxymethyl-cellulose,3,12,12,0,0.3286,0.3342,5.599999999999994,790151
carboxymethyl-cellulose,3,13,13,0,0.3342,0.3229,-11.299999999999976,793020
carboxymethyl-cellulose,3,14,14,0,0.3229,0.3303,7.399999999999962,795506
carboxymethyl-cellulose,3,15,15,0,0.3303,0.3228,-7.500000000000007,797227
carboxymethyl-cellulose,3,16,16,0,0.3228,0.3345,11.700000000000044,799140
carboxymethyl-cellulose,3,17,17,0,0.3345,0.3304,-4.0999999999999925,800873
carboxymethyl-cellulose,3,18,18,0,0.3304,0.3301,-0.30000000000002247,802589
carboxymethyl-cellulose,3,19,19,0,0.3301,0.3332,3.0999999999999917,804687
carboxymethyl-cellulose,3,20,20,0,0.3332,0.3367,3.500000000000003,807938
carboxymethyl-cellulose,3,21,21,0,0.3367,0.3329,-3.8000000000000256,810424
carboxymethyl-cellulose,3,22,22,0,0.3329,0.3403,7.400000000000018,812529
carboxymethyl-cellulose,3,23,23,0,0.3403,0.3362,-4.0999999999999925,814250
carboxymethyl-cellulose,3,24,24,0,0.3362,0.3291,-7.099999999999995,815971
carboxymethyl-cellulose,3,25,25,0,0.3291,0.3407,11.6,817884
carboxymethyl-cellulose,3,26,26,0,0.3407,0.3459,5.199999999999982,819797
carboxymethyl-cellulose,3,27,27,0,0.3459,0.3425,-3.3999999999999586,821710
carboxymethyl-cellulose,3,28,28,0,0.3425,0.3468,4.2999999999999705,823623
carboxymethyl-cellulose,3,29,29,0,0.3468,0.3335,-13.29999999999998,825344
carboxymethyl-cellulose,3,30,30,0,0.3335,0.3303,-3.200000000000036,827638
carboxymethyl-cellulose,3,31,31,0,0.3303,0.3316,1.3000000000000234,829551
carboxymethyl-cellulose,3,32,32,0,0.3316,0.3356,4.0000000000000036,832802
carboxymethyl-cellulose,3,33,33,0,0.3356,0.3347,-0.9000000000000119,834334
carboxymethyl-cellulose,3,34,34,0,0.3347,0.3192,-15.500000000000014,836628
carboxymethyl-cellulose,3,35,35,0,0.3192,0.3359,16.699999999999992,838741
carboxymethyl-cellulose,3,36,36,0,0.3359,0.3444,8.500000000000007,840647
carboxymethyl-cellulose,3,37,37,0,0.3444,0.3289,-15.499999999999957,842365
carboxymethyl-cellulose,3,38,38,0,0.3289,0.3286,-0.30000000000002247,844853
carboxymethyl-cellulose,3,39,39,0,0.3286,0.3414,12.799999999999978,846574
carboxymethyl-cellulose,3,40,40,0,0.3414,0.3429,1.5000000000000013,848677
carboxymethyl-cellulose,3,41,41,0,0.3429,0.344,1.0999999999999899,850973
carboxymethyl-cellulose,3,42,42,0,0.344,0.3373,-6.699999999999983,852694
carboxymethyl-cellulose,3,43,43,0,0.3373,0.3418,4.5000000000000036,854415
carboxymethyl-cellulose,3,44,44,0,0.3418,0.3358,-6.000000000000005,856136
carboxymethyl-cellulose,3,45,45,0,0.3358,0.33,-5.799999999999972,857858
carboxymethyl-cellulose,3,46,46,0,0.33,0.3409,10.899999999999965,859579
carboxymethyl-cellulose,3,47,47,0,0.3409,0.3331,-7.799999999999974,861492
carboxymethyl-cellulose,3,48,48,0,0.3331,0.3291,-4.0000000000000036,863405
carboxymethyl-cellulose,3,49,49,0,0.3291,0.3277,-1.4000000000000123,866274
carboxymethyl-cellulose,3,50,50,1,0.3277,0.3264,-1.2999999999999678,872776
carboxymethyl-cellulose,3,51,51,1,0.3264,0.3259,-0.5000000000000004,874880
carboxymethyl-cellulose,3,52,52,1,0.3259,0.3296,3.699999999999981,876793
carboxymethyl-cellulose,3,53,53,1,0.3296,0.3211,-8.500000000000007,878515
carboxymethyl-cellulose,3,54,54,1,0.3211,0.3174,-3.699999999999981,881958
carboxymethyl-cellulose,3,55,55,1,0.3174,0.3315,14.100000000000001,884062
carboxymethyl-cellulose,3,56,56,1,0.3315,0.3197,-11.800000000000033,885975
carboxymethyl-cellulose,3,57,57,1,0.3197,0.3311,11.400000000000022,887696
carboxymethyl-cellulose,3,58,58,1,0.3311,0.3307,-0.40000000000001146,889799
carboxymethyl-cellulose,3,59,59,1,0.3307,0.3255,-5.199999999999982,891520
carboxymethyl-cellulose,3,60,60,1,0.3255,0.3449,19.399999999999974,893624
carboxymethyl-cellulose,3,61,61,1,0.3449,0.3308,-14.100000000000001,895345
carboxymethyl-cellulose,3,62,62,1,0.3308,0.3322,1.4000000000000123,897259
carboxymethyl-cellulose,3,63,63,1,0.3322,0.3346,2.4000000000000132,900893
carboxymethyl-cellulose,3,64,64,1,0.3346,0.3358,1.1999999999999789,902614
carboxymethyl-cellulose,3,65,65,1,0.3358,0.3337,-2.0999999999999908,904718
carboxymethyl-cellulose,3,66,66,1,0.3337,0.3189,-14.79999999999998,906821
carboxymethyl-cellulose,3,67,67,1,0.3189,0.3325,13.600000000000001,908542
carboxymethyl-cellulose,3,68,68,1,0.3325,0.3275,-5.000000000000004,910072
carboxymethyl-cellulose,3,69,69,1,0.3275,0.3269,-0.5999999999999894,911604
carboxymethyl-cellulose,3,70,70,1,0.3269,0.319,-7.900000000000018,916011
carboxymethyl-cellulose,3,71,71,2,0.319,0.3475,28.49999999999997,921554
carboxymethyl-cellulose,3,72,72,2,0.3475,0.3343,-13.199999999999989,927478
carboxymethyl-cellulose,3,73,73,2,0.3343,0.3336,-0.6999999999999784,929391
carboxymethyl-cellulose,3,74,74,2,0.3336,0.3419,8.299999999999974,931304
carboxymethyl-cellulose,3,75,75,2,0.3419,0.3441,2.2000000000000353,933407
carboxymethyl-cellulose,3,76,76,2,0.3441,0.3378,-6.300000000000027,935319
carboxymethyl-cellulose,3,77,77,2,0.3378,0.3368,-1.0000000000000009,937424
carboxymethyl-cellulose,3,78,78,2,0.3368,0.3165,-20.299999999999983,939337
carboxymethyl-cellulose,3,79,79,3,0.3165,0.3427,26.200000000000003,945457
carboxymethyl-cellulose,3,80,80,3,0.3427,0.3394,-3.300000000000025,947370
carboxymethyl-cellulose,3,81,81,3,0.3394,0.3372,-2.1999999999999797,951582
carboxymethyl-cellulose,3,82,82,3,0.3372,0.3256,-11.6,953490
carboxymethyl-cellulose,3,83,83,4,0.3256,0.3519,26.29999999999999,958846
carboxymethyl-cellulose,3,84,84,4,0.3519,0.3484,-3.500000000000003,960567
carboxymethyl-cellulose,3,85,85,4,0.3484,0.3346,-13.79999999999998,962480
carboxymethyl-cellulose,3,86,86,4,0.3346,0.3377,3.0999999999999917,964774
carboxymethyl-cellulose,3,87,87,4,0.3377,0.3404,2.69999999999998,966495
carboxymethyl-cellulose,3,88,88,4,0.3404,0.3459,5.500000000000005,968600
carboxymethyl-cellulose,3,89,89,4,0.3459,0.3365,-9.399999999999963,970321
carboxymethyl-cellulose,3,90,90,4,0.3365,0.3418,5.299999999999971,972424
carboxymethyl-cellulose,3,91,91,4,0.3418,0.3458,4.0000000000000036,974720
carboxymethyl-cellulose,3,92,92,4,0.3458,0.3443,-1.5000000000000013,976633
carboxymethyl-cellulose,3,93,93,4,0.3443,0.3557,11.400000000000022,978546
carboxymethyl-cellulose,3,94,94,4,0.3557,0.3485,-7.20000000000004,980267
carboxymethyl-cellulose,3,95,95,4,0.3485,0.3432,-5.299999999999971,982370
carboxymethyl-cellulose,3,96,96,4,0.3432,0.3455,2.2999999999999687,984475
carboxymethyl-cellulose,3,97,97,4,0.3455,0.3436,-1.8999999999999573,986387
carboxymethyl-cellulose,3,98,98,4,0.3436,0.3424,-1.2000000000000344,989065
carboxymethyl-cellulose,3,99,99,4,0.3424,0.3314,-11.00000000000001,990786
carboxymethyl-cellulose,3,100,100,5,0.3314,0.3498,18.400000000000027,997098
carboxymethyl-cellulose,3,101,101,5,0.3498,0.3455,-4.300000000000026,999776
carboxymethyl-cellulose,3,102,102,5,0.3455,0.3443,-1.1999999999999789,1001689
carboxymethyl-cellulose,3,103,103,5,0.3443,0.3487,4.400000000000015,1003600
carboxymethyl-cellulose,3,104,104,5,0.3487,0.339,-9.699999999999987,1005513
carboxymethyl-cellulose,3,105,105,5,0.339,0.3401,1.0999999999999899,1007617
carboxymethyl-cellulose,3,106,106,5,0.3401,0.3353,-4.8000000000000265,1009338
carboxymethyl-cellulose,3,107,107,5,0.3353,0.3283,-7.000000000000006,1011825
carboxymethyl-cellulose,3,108,108,5,0.3283,0.3298,1.5000000000000013,1013737
carboxymethyl-cellulose,3,109,109,5,0.3298,0.3298,0.0,1015459
carboxymethyl-cellulose,3,110,110,5,0.3298,0.334,4.200000000000037,1017372
carboxymethyl-cellulose,3,111,111,5,0.334,0.3253,-8.700000000000042,1019284
carboxymethyl-cellulose,3,112,112,5,0.3253,0.3317,6.400000000000016,1021579
carboxymethyl-cellulose,3,113,113,5,0.3317,0.3367,5.000000000000004,1023300
carboxymethyl-cellulose,3,114,114,5,0.3367,0.3316,-5.099999999999993,1025213
carboxymethyl-cellulose,3,115,115,5,0.3316,0.3351,3.500000000000003,1026934
carboxymethyl-cellulose,3,116,116,5,0.3351,0.3339,-1.2000000000000344,1029421
carboxymethyl-cellulose,3,117,117,5,0.3339,0.3327,-1.1999999999999789,1031717
carboxymethyl-cellulose,3,118,118,5,0.3327,0.341,8.30000000000003,1033828
carboxymethyl-cellulose,3,119,119,5,0.341,0.3425,1.5000000000000013,1036116
carboxymethyl-cellulose,3,120,120,5,0.3425,0.3381,-4.400000000000015,1038028
carboxymethyl-cellulose,4,1,1,0,0.3451,0.3509,5.799999999999972,1083262
carboxymethyl-cellulose,4,2,2,0,0.3509,0.3499,-1.0000000000000009,1087853
carboxymethyl-cellulose,4,3,3,0,0.3499,0.3489,-1.0000000000000009,1089382
carboxymethyl-cellulose,4,4,4,0,0.3489,0.3493,0.40000000000001146,1091295
carboxymethyl-cellulose,4,5,5,0,0.3493,0.3565,7.199999999999984,1093208
carboxymethyl-cellulose,4,6,6,0,0.3565,0.3484,-8.099999999999996,1095121
carboxymethyl-cellulose,4,7,7,0,0.3484,0.3494,1.0000000000000009,1098180
carboxymethyl-cellulose,4,8,8,0,0.3494,0.3556,6.200000000000038,1100284
carboxymethyl-cellulose,4,9,9,0,0.3556,0.3677,12.1,1102197
carboxymethyl-cellulose,4,10,10,0,0.3677,0.3524,-15.300000000000036,1103918
carboxymethyl-cellulose,4,11,11,0,0.3524,0.3584,6.000000000000005,1105831
carboxymethyl-cellulose,4,12,12,0,0.3584,0.3509,-7.500000000000007,1107553
carboxymethyl-cellulose,4,13,13,0,0.3509,0.3612,10.300000000000031,1109465
carboxymethyl-cellulose,4,14,14,0,0.3612,0.3648,3.599999999999992,1111187
carboxymethyl-cellulose,4,15,15,0,0.3648,0.364,-0.8000000000000229,1113673
carboxymethyl-cellulose,4,16,16,0,0.364,0.3602,-3.79999999999997,1115777
carboxymethyl-cellulose,4,17,17,0,0.3602,0.3563,-3.9000000000000146,1117499
carboxymethyl-cellulose,4,18,18,1,0.3563,0.3635,7.199999999999984,1122473
carboxymethyl-cellulose,4,19,19,1,0.3635,0.3538,-9.699999999999987,1124192
carboxymethyl-cellulose,4,20,20,1,0.3538,0.366,12.199999999999989,1126486
carboxymethyl-cellulose,4,21,21,1,0.366,0.3516,-14.399999999999968,1128209
carboxymethyl-cellulose,4,22,22,1,0.3516,0.3647,13.100000000000001,1129931
carboxymethyl-cellulose,4,23,23,1,0.3647,0.3639,-0.8000000000000229,1132225
carboxymethyl-cellulose,4,24,24,1,0.3639,0.3681,4.1999999999999815,1133946
carboxymethyl-cellulose,4,25,25,1,0.3681,0.3727,4.5999999999999925,1135859
carboxymethyl-cellulose,4,26,26,1,0.3727,0.3633,-9.399999999999963,1137580
carboxymethyl-cellulose,4,27,27,1,0.3633,0.3674,4.0999999999999925,1139493
carboxymethyl-cellulose,4,28,28,1,0.3674,0.3651,-2.3000000000000242,1141416
carboxymethyl-cellulose,4,29,29,1,0.3651,0.3716,6.500000000000005,1143892
carboxymethyl-cellulose,4,30,30,1,0.3716,0.3726,1.0000000000000009,1145805
carboxymethyl-cellulose,4,31,31,1,0.3726,0.3631,-9.500000000000009,1147526
carboxymethyl-cellulose,4,32,32,1,0.3631,0.3665,3.400000000000014,1149248
carboxymethyl-cellulose,4,33,33,1,0.3665,0.3707,4.1999999999999815,1150969
carboxymethyl-cellulose,4,34,34,1,0.3707,0.369,-1.6999999999999793,1152882
carboxymethyl-cellulose,4,35,35,1,0.369,0.3697,0.6999999999999784,1154795
carboxymethyl-cellulose,4,36,36,1,0.3697,0.3739,4.200000000000037,1156708
carboxymethyl-cellulose,4,37,37,1,0.3739,0.3677,-6.199999999999983,1158810
carboxymethyl-cellulose,4,38,38,1,0.3677,0.3626,-5.100000000000049,1160532
carboxymethyl-cellulose,4,39,39,1,0.3626,0.3628,0.20000000000003348,1162444
carboxymethyl-cellulose,4,40,40,1,0.3628,0.3643,1.5000000000000013,1164357
carboxymethyl-cellulose,4,41,41,1,0.3643,0.3663,2.0000000000000018,1166270
carboxymethyl-cellulose,4,42,42,1,0.3663,0.3627,-3.599999999999992,1168183
carboxymethyl-cellulose,4,43,43,1,0.3627,0.3601,-2.6000000000000467,1170096
carboxymethyl-cellulose,4,44,44,1,0.3601,0.3646,4.5000000000000036,1172007
carboxymethyl-cellulose,4,45,45,1,0.3646,0.3594,-5.199999999999982,1173920
carboxymethyl-cellulose,4,46,46,1,0.3594,0.3762,16.799999999999983,1176502
carboxymethyl-cellulose,4,47,47,1,0.3762,0.3586,-17.600000000000005,1178324
carboxymethyl-cellulose,4,48,48,1,0.3586,0.364,5.400000000000016,1180805
carboxymethyl-cellulose,4,49,49,1,0.364,0.366,2.0000000000000018,1182920
carboxymethyl-cellulose,4,50,50,1,0.366,0.3669,0.9000000000000119,1184826
carboxymethyl-cellulose,4,51,51,1,0.3669,0.3654,-1.5000000000000013,1186735
carboxymethyl-cellulose,4,52,52,1,0.3654,0.374,8.599999999999996,1188648
carboxymethyl-cellulose,4,53,53,1,0.374,0.366,-8.000000000000007,1190561
carboxymethyl-cellulose,4,54,54,1,0.366,0.3689,2.9000000000000137,1192664
carboxymethyl-cellulose,4,55,55,1,0.3689,0.3675,-1.4000000000000123,1194577
carboxymethyl-cellulose,4,56,56,1,0.3675,0.3651,-2.4000000000000132,1198020
carboxymethyl-cellulose,4,57,57,1,0.3651,0.3674,2.3000000000000242,1199932
carboxymethyl-cellulose,4,58,58,1,0.3674,0.3607,-6.699999999999983,1201653
carboxymethyl-cellulose,4,59,59,1,0.3607,0.365,4.2999999999999705,1203375
carboxymethyl-cellulose,4,60,60,1,0.365,0.365,0.0,1205288
carboxymethyl-cellulose,4,61,61,1,0.365,0.3669,1.9000000000000128,1207201
carboxymethyl-cellulose,4,62,62,1,0.3669,0.366,-0.9000000000000119,1209114
carboxymethyl-cellulose,4,63,63,1,0.366,0.3659,-0.09999999999998899,1211026
carboxymethyl-cellulose,4,64,64,1,0.3659,0.3615,-4.400000000000015,1213129
carboxymethyl-cellulose,4,65,65,2,0.3615,0.3716,10.099999999999998,1218485
carboxymethyl-cellulose,4,66,66,2,0.3716,0.3626,-9.000000000000007,1220397
carboxymethyl-cellulose,4,67,67,2,0.3626,0.3647,2.1000000000000463,1222119
carboxymethyl-cellulose,4,68,68,2,0.3647,0.3685,3.79999999999997,1224605
carboxymethyl-cellulose,4,69,69,2,0.3685,0.3668,-1.6999999999999793,1226523
carboxymethyl-cellulose,4,70,70,2,0.3668,0.3664,-0.40000000000001146,1228431
carboxymethyl-cellulose,4,71,71,2,0.3664,0.3699,3.500000000000003,1230152
carboxymethyl-cellulose,4,72,72,2,0.3699,0.3608,-9.099999999999998,1232065
carboxymethyl-cellulose,4,73,73,2,0.3608,0.3572,-3.599999999999992,1234170
carboxymethyl-cellulose,4,74,74,2,0.3572,0.3591,1.8999999999999573,1238377
carboxymethyl-cellulose,4,75,75,2,0.3591,0.3693,10.200000000000042,1240289
carboxymethyl-cellulose,4,76,76,2,0.3693,0.3675,-1.8000000000000238,1242776
carboxymethyl-cellulose,4,77,77,2,0.3675,0.3628,-4.6999999999999815,1244688
carboxymethyl-cellulose,4,78,78,2,0.3628,0.358,-4.8000000000000265,1247175
carboxymethyl-cellulose,4,79,79,3,0.358,0.3602,2.2000000000000353,1252530
carboxymethyl-cellulose,4,80,80,3,0.3602,0.349,-11.200000000000044,1254443
carboxymethyl-cellulose,4,81,81,3,0.349,0.3664,17.400000000000027,1256356
carboxymethyl-cellulose,4,82,82,3,0.3664,0.354,-12.400000000000022,1258267
carboxymethyl-cellulose,4,83,83,3,0.354,0.3522,-1.7999999999999683,1260563
carboxymethyl-cellulose,4,84,84,3,0.3522,0.356,3.79999999999997,1263251
carboxymethyl-cellulose,4,85,85,3,0.356,0.3633,7.300000000000029,1268213
carboxymethyl-cellulose,4,86,86,3,0.3633,0.3629,-0.40000000000001146,1270317
carboxymethyl-cellulose,4,87,87,3,0.3629,0.3489,-14.000000000000012,1271847
carboxymethyl-cellulose,4,88,88,3,0.3489,0.3505,1.5999999999999903,1277011
carboxymethyl-cellulose,4,89,89,3,0.3505,0.3461,-4.3999999999999595,1278732
carboxymethyl-cellulose,4,90,90,3,0.3461,0.3421,-4.0000000000000036,1280837
carboxymethyl-cellulose,4,91,91,3,0.3421,0.3485,6.399999999999961,1283706
carboxymethyl-cellulose,4,92,92,3,0.3485,0.3507,2.2000000000000353,1288305
carboxymethyl-cellulose,4,93,93,3,0.3507,0.3491,-1.5999999999999903,1290401
carboxymethyl-cellulose,4,94,94,3,0.3491,0.3507,1.5999999999999903,1292120
carboxymethyl-cellulose,4,95,95,3,0.3507,0.3547,4.0000000000000036,1294608
carboxymethyl-cellulose,4,96,96,3,0.3547,0.3533,-1.4000000000000123,1296521
carboxymethyl-cellulose,4,97,97,3,0.3533,0.3563,3.0000000000000027,1298242
carboxymethyl-cellulose,4,98,98,3,0.3563,0.3561,-0.19999999999997797,1299964
carboxymethyl-cellulose,4,99,99,3,0.3561,0.3546,-1.5000000000000013,1302450
carboxymethyl-cellulose,4,100,100,3,0.3546,0.3525,-2.1000000000000463,1311440
carboxymethyl-cellulose,4,101,101,4,0.3525,0.3603,7.800000000000029,1317368
carboxymethyl-cellulose,4,102,102,4,0.3603,0.354,-6.300000000000027,1319089
carboxymethyl-cellulose,4,103,103,4,0.354,0.3592,5.200000000000038,1321194
carboxymethyl-cellulose,4,104,104,4,0.3592,0.3678,8.599999999999996,1323296
carboxymethyl-cellulose,4,105,105,4,0.3678,0.3538,-14.000000000000012,1325209
carboxymethyl-cellulose,4,106,106,4,0.3538,0.3633,9.500000000000009,1327505
carboxymethyl-cellulose,4,107,107,4,0.3633,0.3583,-5.000000000000004,1329608
carboxymethyl-cellulose,4,108,108,4,0.3583,0.3523,-6.000000000000005,1331521
carboxymethyl-cellulose,4,109,109,4,0.3523,0.3551,2.8000000000000247,1333626
carboxymethyl-cellulose,4,110,110,4,0.3551,0.3603,5.199999999999982,1336112
carboxymethyl-cellulose,4,111,111,4,0.3603,0.3538,-6.500000000000005,1338216
carboxymethyl-cellulose,4,112,112,4,0.3538,0.3589,5.099999999999993,1340129
carboxymethyl-cellulose,4,113,113,4,0.3589,0.361,2.0999999999999908,1342040
carboxymethyl-cellulose,4,114,114,4,0.361,0.354,-7.000000000000006,1343953
carboxymethyl-cellulose,4,115,115,4,0.354,0.3648,10.800000000000033,1347014
carboxymethyl-cellulose,4,116,116,4,0.3648,0.3582,-6.599999999999994,1348927
carboxymethyl-cellulose,4,117,117,4,0.3582,0.355,-3.200000000000036,1350840
carboxymethyl-cellulose,4,118,118,4,0.355,0.3542,-0.7999999999999674,1352751
carboxymethyl-cellulose,4,119,119,5,0.3542,0.3614,7.199999999999984,1358298
carboxymethyl-cellulose,4,120,120,5,0.3614,0.3589,-2.500000000000002,1360211
carboxymethyl-cellulose,5,1,1,0,0.3614,0.3657,4.300000000000026,1399907
carboxymethyl-cellulose,5,2,2,0,0.3657,0.368,2.2999999999999687,1402575
carboxymethyl-cellulose,5,3,3,0,0.368,0.3635,-4.5000000000000036,1405253
carboxymethyl-cellulose,5,4,4,0,0.3635,0.3643,0.8000000000000229,1407931
carboxymethyl-cellulose,5,5,5,0,0.3643,0.3655,1.1999999999999789,1410608
carboxymethyl-cellulose,5,6,6,0,0.3655,0.3614,-4.0999999999999925,1412904
carboxymethyl-cellulose,5,7,7,0,0.3614,0.3685,7.099999999999995,1415964
carboxymethyl-cellulose,5,8,8,0,0.3685,0.3645,-4.0000000000000036,1418641
carboxymethyl-cellulose,5,9,9,0,0.3645,0.3668,2.3000000000000242,1421319
carboxymethyl-cellulose,5,10,10,0,0.3668,0.3636,-3.200000000000036,1423424
carboxymethyl-cellulose,5,11,11,0,0.3636,0.3612,-2.3999999999999577,1425718
carboxymethyl-cellulose,5,12,12,0,0.3612,0.3635,2.2999999999999687,1427822
carboxymethyl-cellulose,5,13,13,0,0.3635,0.3661,2.599999999999991,1431074
carboxymethyl-cellulose,5,14,14,0,0.3661,0.3632,-2.899999999999958,1432986
carboxymethyl-cellulose,5,15,15,0,0.3632,0.3631,-0.1000000000000445,1435282
carboxymethyl-cellulose,5,16,16,0,0.3631,0.3672,4.100000000000048,1438341
carboxymethyl-cellulose,5,17,17,0,0.3672,0.3606,-6.60000000000005,1446375
carboxymethyl-cellulose,5,18,18,0,0.3606,0.3617,1.1000000000000454,1448671
carboxymethyl-cellulose,5,19,19,0,0.3617,0.3672,5.500000000000005,1451157
carboxymethyl-cellulose,5,20,20,0,0.3672,0.3668,-0.40000000000001146,1453451
carboxymethyl-cellulose,5,21,21,0,0.3668,0.361,-5.800000000000027,1456225
carboxymethyl-cellulose,5,22,22,0,0.361,0.3691,8.099999999999996,1458329
carboxymethyl-cellulose,5,23,23,0,0.3691,0.3654,-3.699999999999981,1460242
carboxymethyl-cellulose,5,24,24,0,0.3654,0.3639,-1.5000000000000013,1462345
carboxymethyl-cellulose,5,25,25,0,0.3639,0.3605,-3.400000000000014,1468849
carboxymethyl-cellulose,5,26,26,1,0.3605,0.3585,-2.0000000000000018,1474396
carboxymethyl-cellulose,5,27,27,1,0.3585,0.3526,-5.899999999999961,1477073
carboxymethyl-cellulose,5,28,28,1,0.3526,0.3565,3.899999999999959,1481671
carboxymethyl-cellulose,5,29,29,1,0.3565,0.3534,-3.0999999999999917,1483958
carboxymethyl-cellulose,5,30,30,1,0.3534,0.3512,-2.1999999999999797,1486253
carboxymethyl-cellulose,5,31,31,1,0.3512,0.3512,0.0,1488357
carboxymethyl-cellulose,5,32,32,2,0.3512,0.361,9.799999999999976,1495051
carboxymethyl-cellulose,5,33,33,2,0.361,0.3586,-2.4000000000000132,1497347
carboxymethyl-cellulose,5,34,34,2,0.3586,0.3557,-2.899999999999958,1499641
carboxymethyl-cellulose,5,35,35,2,0.3557,0.3619,6.199999999999983,1501937
carboxymethyl-cellulose,5,36,36,2,0.3619,0.3626,0.6999999999999784,1503658
carboxymethyl-cellulose,5,37,37,2,0.3626,0.3536,-8.999999999999952,1505572
carboxymethyl-cellulose,5,38,38,2,0.3536,0.3627,9.099999999999998,1507484
carboxymethyl-cellulose,5,39,39,2,0.3627,0.3565,-6.200000000000038,1509206
carboxymethyl-cellulose,5,40,40,2,0.3565,0.3632,6.700000000000039,1511308
carboxymethyl-cellulose,5,41,41,2,0.3632,0.361,-2.2000000000000353,1513605
carboxymethyl-cellulose,5,42,42,2,0.361,0.3641,3.0999999999999917,1516664
carboxymethyl-cellulose,5,43,43,2,0.3641,0.3579,-6.199999999999983,1521446
carboxymethyl-cellulose,5,44,44,2,0.3579,0.3569,-1.0000000000000009,1523359
carboxymethyl-cellulose,5,45,45,2,0.3569,0.3605,3.599999999999992,1526037
carboxymethyl-cellulose,5,46,46,2,0.3605,0.3527,-7.799999999999974,1527758
carboxymethyl-cellulose,5,47,47,2,0.3527,0.3544,1.6999999999999793,1530244
carboxymethyl-cellulose,5,48,48,2,0.3544,0.354,-0.40000000000001146,1531774
carboxymethyl-cellulose,5,49,49,2,0.354,0.3607,6.700000000000039,1534835
carboxymethyl-cellulose,5,50,50,2,0.3607,0.3612,0.5000000000000004,1536937
carboxymethyl-cellulose,5,51,51,2,0.3612,0.3619,0.6999999999999784,1539233
carboxymethyl-cellulose,5,52,52,2,0.3619,0.3607,-1.1999999999999789,1541528
carboxymethyl-cellulose,5,53,53,2,0.3607,0.3601,-0.6000000000000449,1543441
carboxymethyl-cellulose,5,54,54,2,0.3601,0.3564,-3.699999999999981,1545545
carboxymethyl-cellulose,5,55,55,3,0.3564,0.3627,6.300000000000027,1554343
carboxymethyl-cellulose,5,56,56,3,0.3627,0.364,1.2999999999999678,1556448
carboxymethyl-cellulose,5,57,57,3,0.364,0.3627,-1.2999999999999678,1559699
carboxymethyl-cellulose,5,58,58,3,0.3627,0.3623,-0.40000000000001146,1562376
carboxymethyl-cellulose,5,59,59,3,0.3623,0.362,-0.30000000000002247,1565246
carboxymethyl-cellulose,5,60,60,4,0.362,0.3625,0.5000000000000004,1570410
carboxymethyl-cellulose,5,61,61,4,0.3625,0.3725,10.000000000000009,1573087
carboxymethyl-cellulose,5,62,62,4,0.3725,0.3702,-2.3000000000000242,1575000
carboxymethyl-cellulose,5,63,63,4,0.3702,0.3661,-4.0999999999999925,1577486
carboxymethyl-cellulose,5,64,64,4,0.3661,0.3669,0.8000000000000229,1579399
carboxymethyl-cellulose,5,65,65,4,0.3669,0.3705,3.599999999999992,1584755
carboxymethyl-cellulose,5,66,66,4,0.3705,0.3654,-5.099999999999993,1587432
carboxymethyl-cellulose,5,67,67,4,0.3654,0.3712,5.799999999999972,1592213
carboxymethyl-cellulose,5,68,68,4,0.3712,0.3634,-7.799999999999974,1594125
carboxymethyl-cellulose,5,69,69,4,0.3634,0.362,-1.4000000000000123,1596038
carboxymethyl-cellulose,5,70,70,4,0.362,0.3634,1.4000000000000123,1598908
carboxymethyl-cellulose,5,71,71,4,0.3634,0.362,-1.4000000000000123,1602159
carboxymethyl-cellulose,5,72,72,4,0.362,0.3602,-1.7999999999999683,1604645
carboxymethyl-cellulose,5,73,73,4,0.3602,0.3665,6.299999999999972,1606557
carboxymethyl-cellulose,5,74,74,4,0.3665,0.3581,-8.400000000000018,1608094
carboxymethyl-cellulose,5,75,75,4,0.3581,0.3698,11.700000000000044,1610191
carboxymethyl-cellulose,5,76,76,4,0.3698,0.37,0.19999999999997797,1612677
carboxymethyl-cellulose,5,77,77,4,0.37,0.3674,-2.599999999999991,1614590
carboxymethyl-cellulose,5,78,78,4,0.3674,0.3654,-2.0000000000000018,1616695
carboxymethyl-cellulose,5,79,79,4,0.3654,0.3689,3.500000000000003,1618608
carboxymethyl-cellulose,5,80,80,4,0.3689,0.3671,-1.8000000000000238,1620711
carboxymethyl-cellulose,5,81,81,4,0.3671,0.3608,-6.299999999999972,1622432
carboxymethyl-cellulose,5,82,82,4,0.3608,0.3679,7.099999999999995,1625301
carboxymethyl-cellulose,5,83,83,4,0.3679,0.3717,3.79999999999997,1628744
carboxymethyl-cellulose,5,84,84,4,0.3717,0.3556,-16.099999999999948,1632761
carboxymethyl-cellulose,5,85,85,4,0.3556,0.3625,6.899999999999961,1635631
carboxymethyl-cellulose,5,86,86,4,0.3625,0.3709,8.400000000000018,1637733
carboxymethyl-cellulose,5,87,87,4,0.3709,0.3557,-15.199999999999992,1639845
carboxymethyl-cellulose,5,88,88,4,0.3557,0.3635,7.799999999999974,1642707
carboxymethyl-cellulose,5,89,89,4,0.3635,0.3662,2.7000000000000357,1644810
carboxymethyl-cellulose,5,90,90,4,0.3662,0.3631,-3.100000000000047,1647680
carboxymethyl-cellulose,5,91,91,4,0.3631,0.3623,-0.7999999999999674,1651505
carboxymethyl-cellulose,5,92,92,4,0.3623,0.3611,-1.2000000000000344,1653418
carboxymethyl-cellulose,5,93,93,5,0.3611,0.358,-3.0999999999999917,1659347
carboxymethyl-cellulose,5,94,94,5,0.358,0.3623,4.300000000000026,1662406
carboxymethyl-cellulose,5,95,95,5,0.3623,0.3662,3.9000000000000146,1665275
carboxymethyl-cellulose,5,96,96,5,0.3662,0.3679,1.6999999999999793,1669866
carboxymethyl-cellulose,5,97,97,5,0.3679,0.3668,-1.0999999999999899,1674457
carboxymethyl-cellulose,5,98,98,5,0.3668,0.3672,0.40000000000001146,1676177
carboxymethyl-cellulose,5,99,99,5,0.3672,0.3631,-4.100000000000048,1679047
carboxymethyl-cellulose,5,100,100,5,0.3631,0.3721,9.000000000000007,1681725
carboxymethyl-cellulose,5,101,101,5,0.3721,0.3654,-6.699999999999983,1684211
carboxymethyl-cellulose,5,102,102,5,0.3654,0.3605,-4.9000000000000155,1686697
carboxymethyl-cellulose,5,103,103,5,0.3605,0.3628,2.3000000000000242,1689566
carboxymethyl-cellulose,5,104,104,5,0.3628,0.3617,-1.0999999999999899,1692436
carboxymethyl-cellulose,5,105,105,5,0.3617,0.3582,-3.500000000000003,1694730
carboxymethyl-cellulose,5,106,106,5,0.3582,0.3623,4.0999999999999925,1697029
carboxymethyl-cellulose,5,107,107,5,0.3623,0.3598,-2.500000000000002,1700659
carboxymethyl-cellulose,5,108,108,5,0.3598,0.362,2.1999999999999797,1705250
carboxymethyl-cellulose,5,109,109,5,0.362,0.3546,-7.399999999999962,1706970
carboxymethyl-cellulose,5,110,110,5,0.3546,0.3616,6.99999999999995,1708883
carboxymethyl-cellulose,5,111,111,5,0.3616,0.3626,1.0000000000000009,1710604
carboxymethyl-cellulose,5,112,112,5,0.3626,0.3647,2.1000000000000463,1712517
carboxymethyl-cellulose,5,113,113,5,0.3647,0.3586,-6.100000000000049,1715387
carboxymethyl-cellulose,5,114,114,5,0.3586,0.3612,2.6000000000000467,1717299
carboxymethyl-cellulose,5,115,115,5,0.3612,0.3622,1.0000000000000009,1722283
carboxymethyl-cellulose,5,116,116,5,0.3622,0.3587,-3.500000000000003,1724379
carboxymethyl-cellulose,5,117,117,5,0.3587,0.361,2.2999999999999687,1726479
carboxymethyl-cellulose,5,118,118,5,0.361,0.3584,-2.599999999999991,1728775
carboxymethyl-cellulose,5,119,119,5,0.3584,0.3633,4.9000000000000155,1731070
carboxymethyl-cellulose,5,120,120,5,0.3633,0.3595,-3.8000000000000256,1733747
carboxymethyl-cellulose,6,1,1,0,0.3901,0.3871,-3.0000000000000027,1780989
carboxymethyl-cellulose,6,2,2,0,0.3871,0.3878,0.6999999999999784,1784242
carboxymethyl-cellulose,6,3,3,0,0.3878,0.3876,-0.19999999999997797,1790171
carboxymethyl-cellulose,6,4,4,0,0.3876,0.3864,-1.1999999999999789,1793997
carboxymethyl-cellulose,6,5,5,0,0.3864,0.3889,2.500000000000002,1798396
carboxymethyl-cellulose,6,6,6,0,0.3889,0.3836,-5.300000000000027,1800307
carboxymethyl-cellulose,6,7,7,0,0.3836,0.3892,5.599999999999994,1802411
carboxymethyl-cellulose,6,8,8,0,0.3892,0.3825,-6.699999999999983,1804516
carboxymethyl-cellulose,6,9,9,0,0.3825,0.382,-0.5000000000000004,1806045
carboxymethyl-cellulose,6,10,10,0,0.382,0.387,5.000000000000004,1810828
carboxymethyl-cellulose,6,11,11,0,0.387,0.3878,0.7999999999999674,1813505
carboxymethyl-cellulose,6,12,12,0,0.3878,0.3942,6.400000000000016,1818477
carboxymethyl-cellulose,6,13,13,0,0.3942,0.3909,-3.2999999999999696,1820780
carboxymethyl-cellulose,6,14,14,0,0.3909,0.3885,-2.4000000000000132,1825173
carboxymethyl-cellulose,6,15,15,0,0.3885,0.3922,3.699999999999981,1829380
carboxymethyl-cellulose,6,16,16,0,0.3922,0.3854,-6.799999999999972,1831866
carboxymethyl-cellulose,6,17,17,0,0.3854,0.3878,2.3999999999999577,1835500
carboxymethyl-cellulose,6,18,18,0,0.3878,0.3864,-1.3999999999999568,1840091
carboxymethyl-cellulose,6,19,19,0,0.3864,0.3833,-3.100000000000047,1842193
carboxymethyl-cellulose,6,20,20,0,0.3833,0.3927,9.40000000000002,1844877
carboxymethyl-cellulose,6,21,21,0,0.3927,0.3929,0.20000000000003348,1847359
carboxymethyl-cellulose,6,22,22,0,0.3929,0.3864,-6.500000000000005,1849270
carboxymethyl-cellulose,6,23,23,0,0.3864,0.3856,-0.8000000000000229,1851758
carboxymethyl-cellulose,6,24,24,0,0.3856,0.3819,-3.699999999999981,1853479
carboxymethyl-cellulose,6,25,25,1,0.3819,0.3977,15.799999999999981,1859025
carboxymethyl-cellulose,6,26,26,1,0.3977,0.3923,-5.400000000000016,1860937
carboxymethyl-cellulose,6,27,27,1,0.3923,0.3984,6.099999999999994,1862850
carboxymethyl-cellulose,6,28,28,1,0.3984,0.3914,-6.99999999999995,1864954
carboxymethyl-cellulose,6,29,29,1,0.3914,0.3913,-0.1000000000000445,1866676
carboxymethyl-cellulose,6,30,30,1,0.3913,0.3917,0.40000000000001146,1868206
carboxymethyl-cellulose,6,31,31,1,0.3917,0.3913,-0.40000000000001146,1872031
carboxymethyl-cellulose,6,32,32,1,0.3913,0.3966,5.300000000000027,1874901
carboxymethyl-cellulose,6,33,33,1,0.3966,0.3907,-5.900000000000016,1877960
carboxymethyl-cellulose,6,34,34,1,0.3907,0.3946,3.9000000000000146,1879882
carboxymethyl-cellulose,6,35,35,1,0.3946,0.3926,-2.0000000000000018,1882550
carboxymethyl-cellulose,6,36,36,1,0.3926,0.4011,8.500000000000007,1884845
carboxymethyl-cellulose,6,37,37,1,0.4011,0.3968,-4.300000000000026,1886568
carboxymethyl-cellulose,6,38,38,1,0.3968,0.3966,-0.19999999999997797,1888098
carboxymethyl-cellulose,6,39,39,1,0.3966,0.3949,-1.7000000000000348,1890775
carboxymethyl-cellulose,6,40,40,2,0.3949,0.4002,5.300000000000027,1896512
carboxymethyl-cellulose,6,41,41,2,0.4002,0.4033,3.0999999999999917,1898808
carboxymethyl-cellulose,6,42,42,2,0.4033,0.3999,-3.400000000000014,1900529
carboxymethyl-cellulose,6,43,43,2,0.3999,0.4015,1.6000000000000458,1905120
carboxymethyl-cellulose,6,44,44,2,0.4015,0.3998,-1.7000000000000348,1909711
carboxymethyl-cellulose,6,45,45,2,0.3998,0.3997,-0.09999999999998899,1912773
carboxymethyl-cellulose,6,46,46,2,0.3997,0.3972,-2.500000000000002,1914683
carboxymethyl-cellulose,6,47,47,3,0.3972,0.4067,9.500000000000009,1921568
carboxymethyl-cellulose,6,48,48,3,0.4067,0.4015,-5.199999999999982,1923864
carboxymethyl-cellulose,6,49,49,3,0.4015,0.4031,1.5999999999999903,1925966
carboxymethyl-cellulose,6,50,50,3,0.4031,0.4024,-0.7000000000000339,1930749
carboxymethyl-cellulose,6,51,51,3,0.4024,0.4032,0.8000000000000229,1933808
carboxymethyl-cellulose,6,52,52,3,0.4032,0.3998,-3.400000000000014,1936296
carboxymethyl-cellulose,6,53,53,3,0.3998,0.4088,9.000000000000007,1938590
carboxymethyl-cellulose,6,54,54,3,0.4088,0.3991,-9.699999999999987,1940708
carboxymethyl-cellulose,6,55,55,3,0.3991,0.4066,7.500000000000007,1943754
carboxymethyl-cellulose,6,56,56,3,0.4066,0.3962,-10.40000000000002,1945667
carboxymethyl-cellulose,6,57,57,3,0.3962,0.4009,4.6999999999999815,1947963
carboxymethyl-cellulose,6,58,58,3,0.4009,0.398,-2.899999999999958,1950258
carboxymethyl-cellulose,6,59,59,3,0.398,0.4017,3.699999999999981,1952362
carboxymethyl-cellulose,6,60,60,3,0.4017,0.4002,-1.5000000000000013,1955040
carboxymethyl-cellulose,6,61,61,3,0.4002,0.4003,0.09999999999998899,1957143
carboxymethyl-cellulose,6,62,62,3,0.4003,0.3925,-7.799999999999974,1958672
carboxymethyl-cellulose,6,63,63,4,0.3925,0.4038,11.299999999999976,1964028
carboxymethyl-cellulose,6,64,64,4,0.4038,0.3978,-6.000000000000005,1967280
carboxymethyl-cellulose,6,65,65,4,0.3978,0.4,2.2000000000000353,1969382
carboxymethyl-cellulose,6,66,66,4,0.4,0.4071,7.099999999999995,1972828
carboxymethyl-cellulose,6,67,67,4,0.4071,0.3937,-13.400000000000023,1974738
carboxymethyl-cellulose,6,68,68,4,0.3937,0.3936,-0.09999999999998899,1976270
carboxymethyl-cellulose,6,69,69,4,0.3936,0.4065,12.899999999999967,1978948
carboxymethyl-cellulose,6,70,70,4,0.4065,0.4001,-6.399999999999961,1982007
carboxymethyl-cellulose,6,71,71,4,0.4001,0.3997,-0.40000000000001146,1984685
carboxymethyl-cellulose,6,72,72,4,0.3997,0.4054,5.699999999999983,1986789
carboxymethyl-cellulose,6,73,73,4,0.4054,0.4059,0.5000000000000004,1991761
carboxymethyl-cellulose,6,74,74,4,0.4059,0.4004,-5.500000000000005,1994247
carboxymethyl-cellulose,6,75,75,4,0.4004,0.404,3.6000000000000476,1996543
carboxymethyl-cellulose,6,76,76,4,0.404,0.4061,2.0999999999999908,1999221
carboxymethyl-cellulose,6,77,77,4,0.4061,0.4078,1.6999999999999793,2000942
carboxymethyl-cellulose,6,78,78,4,0.4078,0.4014,-6.400000000000016,2003047
carboxymethyl-cellulose,6,79,79,4,0.4014,0.4023,0.9000000000000119,2006110
carboxymethyl-cellulose,6,80,80,4,0.4023,0.4059,3.599999999999992,2007827
carboxymethyl-cellulose,6,81,81,4,0.4059,0.4037,-2.1999999999999797,2009549
carboxymethyl-cellulose,6,82,82,4,0.4037,0.4114,7.699999999999985,2011845
carboxymethyl-cellulose,6,83,83,4,0.4114,0.4083,-3.0999999999999917,2018538
carboxymethyl-cellulose,6,84,84,4,0.4083,0.4074,-0.9000000000000119,2020451
carboxymethyl-cellulose,6,85,85,4,0.4074,0.4055,-1.8999999999999573,2022364
carboxymethyl-cellulose,6,86,86,5,0.4055,0.4068,1.2999999999999678,2030205
carboxymethyl-cellulose,6,87,87,5,0.4068,0.4046,-2.1999999999999797,2032500
carboxymethyl-cellulose,6,88,88,5,0.4046,0.4066,2.0000000000000018,2035752
carboxymethyl-cellulose,6,89,89,5,0.4066,0.404,-2.599999999999991,2037665
carboxymethyl-cellulose,6,90,90,5,0.404,0.406,2.0000000000000018,2040725
carboxymethyl-cellulose,6,91,91,5,0.406,0.399,-7.000000000000006,2043021
carboxymethyl-cellulose,6,92,92,5,0.399,0.4089,9.899999999999965,2046463
carboxymethyl-cellulose,6,93,93,5,0.4089,0.4032,-5.699999999999983,2049714
carboxymethyl-cellulose,6,94,94,5,0.4032,0.4013,-1.9000000000000128,2052583
carboxymethyl-cellulose,6,95,95,5,0.4013,0.3979,-3.400000000000014,2054496
carboxymethyl-cellulose,6,96,96,6,0.3979,0.4078,9.90000000000002,2060043
carboxymethyl-cellulose,6,97,97,6,0.4078,0.408,0.19999999999997797,2064638
carboxymethyl-cellulose,6,98,98,6,0.408,0.4123,4.300000000000026,2067120
carboxymethyl-cellulose,6,99,99,6,0.4123,0.4128,0.5000000000000004,2069031
carboxymethyl-cellulose,6,100,100,6,0.4128,0.4093,-3.500000000000003,2070944
carboxymethyl-cellulose,6,101,101,6,0.4093,0.3995,-9.799999999999976,2073240
carboxymethyl-cellulose,6,102,102,6,0.3995,0.4078,8.299999999999974,2075153
carboxymethyl-cellulose,6,103,103,6,0.4078,0.413,5.199999999999982,2077064
carboxymethyl-cellulose,6,104,104,6,0.413,0.4108,-2.1999999999999797,2079552
carboxymethyl-cellulose,6,105,105,6,0.4108,0.4009,-9.90000000000002,2081655
carboxymethyl-cellulose,6,106,106,6,0.4009,0.4077,6.800000000000028,2083759
carboxymethyl-cellulose,6,107,107,6,0.4077,0.398,-9.699999999999987,2085480
carboxymethyl-cellulose,6,108,108,6,0.398,0.405,7.000000000000006,2087393
carboxymethyl-cellulose,6,109,109,6,0.405,0.4032,-1.8000000000000238,2090263
carboxymethyl-cellulose,6,110,110,6,0.4032,0.4105,7.299999999999973,2092174
carboxymethyl-cellulose,6,111,111,6,0.4105,0.4043,-6.199999999999983,2095043
carboxymethyl-cellulose,6,112,112,6,0.4043,0.401,-3.2999999999999696,2096956
carboxymethyl-cellulose,6,113,113,6,0.401,0.4058,4.7999999999999705,2100017
carboxymethyl-cellulose,6,114,114,6,0.4058,0.4047,-1.0999999999999899,2102312
carboxymethyl-cellulose,6,115,115,6,0.4047,0.4073,2.599999999999991,2104798
carboxymethyl-cellulose,6,116,116,6,0.4073,0.3921,-15.199999999999992,2107094
carboxymethyl-cellulose,6,117,117,6,0.3921,0.3947,2.599999999999991,2110537
carboxymethyl-cellulose,6,118,118,6,0.3947,0.4052,10.500000000000009,2113214
carboxymethyl-cellulose,6,119,119,6,0.4052,0.4019,-3.300000000000025,2116273
carboxymethyl-cellulose,6,120,120,6,0.4019,0.4006,-1.2999999999999678,2118186
