M,script,balance_stream
M,duration_s,55.0
M,poll_ms,60
M,output_file,balance_capture_5g_10ad.csv
P,2303,pretare,0.0009
E,2808,tared
P,8715,tare0,-0.0002
E,8719,streaming for 55.0 s -- raw frames follow
D,8815,-0.0002,S
D,8997,-0.0002,S
D,9093,-0.0002,S
D,9284,-0.0001,S
D,9379,0.0000,U
D,9476,0.0001,U
D,9572,0.0002,U
D,9668,0.0002,U
D,9764,0.0001,U
D,9953,-0.0094,U
D,10049,-0.0079,U
D,10145,0.0068,U
D,10241,0.0770,U
D,10336,0.3123,U
D,10528,1.8118,U
D,10624,2.9634,U
D,10718,3.9827,U
D,10814,4.6303,U
D,11017,4.9986,U
D,11197,5.0081,U
D,11389,5.0065,U
D,11580,5.0061,U
D,11770,5.0059,U
D,11962,5.0060,U
D,12160,5.0452,U
D,12348,5.3514,U
D,12537,5.2717,U
D,12729,2.9184,U
D,13023,0.1629,U
D,13213,0.0013,U
D,13404,-0.0018,U
D,13592,-0.0016,U
D,13785,-0.0015,U
D,13976,-0.0013,U
D,14166,-0.0012,U
D,14356,0.0064,U
D,14548,0.2271,U
D,14737,1.5727,U
D,14927,3.8471,U
D,15119,4.9415,U
D,15413,5.0196,U
D,15602,5.0071,U
D,15795,5.0062,U
D,15986,5.0070,U
D,16177,5.0074,U
D,16365,5.0075,U
D,16557,5.0075,U
D,16748,5.0075,S
D,16938,5.0075,S
D,17131,5.0567,U
D,17320,5.6457,U
D,17514,6.6542,U
D,17796,2.6252,U
D,17994,0.3406,U
D,18187,0.0052,U
D,18375,-0.0028,U
D,18569,-0.0027,U
D,18761,-0.0024,U
E,18802,progress: 45 s remaining
D,18951,-0.0020,U
D,19143,-0.0020,U
D,19336,0.0033,U
D,19527,0.1876,U
D,19717,1.3797,U
D,19995,4.4021,U
D,20188,4.9790,U
D,20382,5.0089,U
D,20573,5.0056,U
D,20768,5.0054,U
D,20951,5.0053,U
D,21147,5.0053,U
D,21342,5.0054,S
D,21532,5.0260,U
D,21724,5.4910,U
D,21918,7.2975,U
D,22108,6.9575,U
D,22387,1.0248,U
D,22577,0.0496,U
D,22770,-0.0014,U
D,22961,-0.0006,U
D,23156,-0.0004,U
D,23350,-0.0001,U
D,23545,0.0001,U
D,23736,0.0000,U
D,23927,0.0000,S
D,24106,-0.0001,U
D,24298,0.0402,U
D,24495,0.6266,U
D,24777,3.7833,U
D,24971,4.9696,U
D,25163,5.0639,U
D,25360,5.0177,U
D,25542,5.0086,U
D,25740,5.0080,U
D,25923,5.0078,U
D,26122,5.0077,U
D,26307,5.0075,U
D,26501,5.0074,U
D,26695,5.0072,U
D,26880,5.0071,U
D,27167,5.2733,U
D,27362,6.2478,U
D,27562,5.5111,U
D,27740,2.0153,U
D,27938,0.2151,U
D,28133,0.0021,U
D,28315,-0.0014,U
D,28514,-0.0015,U
D,28702,-0.0015,S
D,28899,-0.0015,S
E,28946,progress: 35 s remaining
D,29080,-0.0016,S
D,29368,0.0138,U
D,29564,0.3377,U
D,29759,1.8919,U
D,29941,4.0588,U
D,30137,4.9379,U
D,30322,5.0102,U
D,30518,5.0054,U
D,30706,5.0043,U
D,30903,5.0039,U
D,31089,5.0040,U
D,31284,5.0043,U
D,31479,5.0044,U
D,31763,5.0130,U
D,31961,5.2672,U
D,32139,7.3491,U
D,32338,11.9197,U
D,32523,10.5360,U
D,32722,3.3244,U
D,32906,0.2916,U
D,33102,0.0034,U
D,33298,0.0001,U
D,33479,-0.0004,U
D,33678,-0.0006,U
D,33874,-0.0006,U
D,34159,-0.0004,U
D,34340,0.0215,U
D,34532,0.4478,U
D,34730,2.2762,U
D,34913,4.4171,U
D,35110,5.0785,U
D,35297,5.0513,U
D,35496,5.0117,U
D,35678,5.0052,U
D,35869,5.0047,U
D,36070,5.0050,U
D,36253,5.0054,U
D,36540,5.0056,U
D,36738,5.0058,U
D,36922,5.0059,U
D,37118,5.0061,U
D,37315,5.0729,U
D,37495,5.7371,U
D,37695,6.8062,U
D,37878,4.6667,U
D,38079,1.1473,U
D,38261,0.0728,U
D,38459,-0.0009,U
D,38643,-0.0015,U
D,38930,-0.0015,U
D,39134,-0.0016,U
E,39184,progress: 25 s remaining
D,39408,-0.0013,U
D,39611,-0.0011,U
D,39791,-0.0008,U
D,39983,0.0756,U
D,40172,0.8418,U
D,40373,2.9357,U
D,40556,4.6385,U
D,40747,5.0078,U
D,40950,5.0096,U
D,41225,5.0074,U
D,41425,5.0076,U
D,41608,5.0081,U
D,41809,5.0377,U
D,41991,5.2246,U
D,42193,6.0257,U
D,42374,7.8560,U
D,42573,6.5475,U
D,42756,2.0324,U
D,42958,0.1734,U
D,43138,0.0016,U
D,43329,0.0002,U
D,43617,-0.0001,U
D,43806,0.0000,U
D,43998,0.0003,U
D,44190,0.0925,U
D,44382,1.0061,U
D,44583,3.1798,U
D,44766,3.8662,U
D,44955,2.0301,U
D,45146,0.5033,U
D,45348,1.0320,U
D,45529,3.4302,U
D,45720,7.3464,U
D,46011,10.0013,U
D,46202,3.4828,U
D,46389,0.3609,U
D,46580,0.5052,U
D,46772,2.3831,U
D,46964,4.4684,U
D,47155,5.0544,U
D,47345,5.0363,U
D,47537,5.0134,U
D,47728,5.0076,U
D,47932,5.0069,U
D,48115,5.0072,U
D,48407,5.0071,U
D,48589,5.0069,U
D,48792,5.0068,U
D,48974,5.0070,U
D,49162,5.0976,U
D,49365,5.7165,U
E,49421,progress: 14 s remaining
D,49649,4.6196,U
D,49835,1.3922,U
D,50023,0.1290,U
D,50214,0.0093,U
D,50406,0.0008,U
D,50696,-0.0006,U
D,50884,-0.0005,U
D,51075,-0.0004,U
D,51267,-0.0003,U
D,51463,0.0003,U
D,51653,0.1523,U
D,51840,1.2217,U
D,52032,3.4059,U
D,52223,4.7738,U
D,52417,5.0080,U
D,52604,5.0076,U
D,52796,5.0063,U
D,53095,5.0066,U
D,53281,5.0066,U
D,53467,5.0066,S
D,53659,5.0067,S
D,53848,5.0177,U
D,54040,5.3763,U
D,54232,7.3537,U
D,54422,8.2353,U
D,54613,3.8322,U
D,54805,0.5349,U
D,54997,0.0151,U
D,55188,0.0011,U
D,55485,0.0013,U
D,55673,0.0011,U
D,55860,0.0008,U
D,56049,0.0008,U
D,56239,0.0884,U
D,56430,0.9542,U
D,56622,2.9047,U
D,56814,3.0475,U
D,57006,1.1589,U
D,57195,0.1488,U
D,57387,0.0067,U
D,57579,-0.0070,U
D,57874,-0.0001,U
D,58061,0.0015,U
D,58249,0.0010,U
D,58439,0.0010,U
D,58631,-0.0268,U
D,58826,-0.1411,U
D,59016,-0.2525,U
D,59206,-0.2820,U
D,59396,-0.2371,U
D,59587,-0.1285,U
E,59624,progress: 4 s remaining
D,59777,-0.0743,U
D,60074,0.0000,U
D,60264,0.0051,U
D,60457,0.0015,U
D,60638,0.0042,U
D,60829,0.1564,U
D,61021,1.3021,U
D,61213,3.6162,U
D,61410,4.9186,U
D,61600,5.0441,U
D,61788,5.0155,U
D,61984,5.0088,U
D,62176,5.0090,U
D,62456,5.0094,U
D,62646,5.0093,U
D,62838,5.0091,U
D,63038,5.0089,U
D,63228,5.0087,U
D,63411,5.0086,U
D,63603,5.0084,U
D,63795,5.0083,U
P,64177,settled,5.0083
E,64219,done (283 samples)
