file,condition,event,t_up,t0,tau,r2,delta_g,top_dur_s,partial,overshoot_mg,settle_2mg_s,stable_latency_s
balance_capture_2g_10d.csv,2 g drop,1,1.15,0.8093573707175016,0.20301844084773663,0.9952260001025226,2.002,1.81,False,132.7,0.6166426292824986,1.5736426292824977
balance_capture_2g_10d.csv,2 g drop,2,4.3,nan,nan,nan,1.5713,2.01,True,,nan,nan
balance_capture_2g_10d.csv,2 g drop,3,9.08,8.83589860554461,0.1507552243156246,0.9984128754800351,2.001,2.2,False,39.4,0.9111013944553878,1.4891013944553908
balance_capture_2g_10d.csv,2 g drop,4,14.05,13.793948235039558,0.18493511195460094,0.9947587443643975,2.002,2.68,False,240.5,0.5450517649604425,1.503051764960441
balance_capture_2g_10d.csv,2 g drop,5,19.89,19.604150565664845,0.13147650623453672,0.994547949794345,2.0012,2.2,False,117.8,0.6618494343351529,nan
balance_capture_2g_10d.csv,2 g drop,6,24.67,24.450633098862212,0.22354991533218713,0.9917412620634303,2.0026,2.39,False,235.9,0.9793669011377872,1.6483669011377842
balance_capture_2g_10d.csv,2 g drop,7,30.02,29.772748165568515,0.16085027878852537,0.9963227655052157,2.0017,1.82,False,194.7,0.6292518344314857,nan
balance_capture_2g_10d.csv,2 g drop,8,34.61,34.34963433382378,0.14691627524070605,0.9980037646624509,2.0023,1.64,False,11.7,0.6513656661762184,1.5033656661762151
balance_capture_2g_10d.csv,2 g drop,9,39.02,38.776661384810545,0.2085270785394796,0.9960630623077703,2.0032,3.72,False,161.8,1.9543386151894495,3.101338615189455
balance_capture_5g_10d.csv,5 g drop,1,2.1,1.854948223351762,0.18310470278362792,0.998089918590226,5.0069,1.54,False,7.0,0.8290517766482381,nan
balance_capture_5g_10d.csv,5 g drop,2,6.7,6.436237177495225,0.18249277080712628,0.9982053679883955,5.008,2.48,False,173.0,0.9237628225047754,1.688762822504775
balance_capture_5g_10d.csv,5 g drop,3,12.14,11.911642371466398,0.20665195650340748,0.9967497429213711,5.009,2.49,False,18.7,0.611357628533602,1.760357628533603
balance_capture_5g_10d.csv,5 g drop,4,17.4,17.147156791085933,0.16225923906672446,0.9982092234442193,5.0086,2.68,False,101.2,0.8278432089140679,nan
balance_capture_5g_10d.csv,5 g drop,5,23.14,22.869667886613644,0.1326102686185115,0.9962476042116106,5.0074,2.01,False,1.0,0.7483321133863576,1.9923321133863574
balance_capture_5g_10d.csv,5 g drop,6,28.4,28.154500768351866,0.19324900693999883,0.9982589546552465,5.0068,2.01,False,84.7,1.010499231648133,nan
balance_capture_5g_10d.csv,5 g drop,7,33.67,33.32712815637224,0.1351068919144601,0.9998542868568521,5.0067,1.71,False,34.6,0.9058718436277573,1.4788718436277577
balance_capture_5g_10d.csv,5 g drop,8,38.06,38.04420603907811,0.02000148034012149,0.9587088274544477,5.0078,2.68,False,65.3,0.5927939609218882,1.8317939609218854
balance_capture_5g_10d.csv,5 g drop,9,42.84,42.48714202635796,0.11311005089756583,0.9996497372787964,5.0079,1.72,False,19.3,0.9278579736420411,1.7878579736420406
balance_capture_5g_10d.csv,5 g drop,10,47.44,47.08919082420264,0.11718398561549558,0.9997243494665561,5.0028,2.29,False,1.9,0.6268091757973551,2.062809175797355
balance_capture_10g_10d.csv,10 g drop,1,1.91,1.6763161824654373,0.20642802821801462,0.9950147585706675,10.0083,1.43,False,71.5,0.9066838175345628,nan
balance_capture_10g_10d.csv,10 g drop,2,6.31,6.088225792110607,0.21753884616235902,0.9803263483938315,10.0079,2.39,False,106.7,0.892774207889393,1.8457742078893924
balance_capture_10g_10d.csv,10 g drop,3,11.19,11.11298449532687,0.0774045003994262,0.9706431684634752,10.0085,2.77,False,188.4,0.8490155046731296,1.98601550467313
balance_capture_10g_10d.csv,10 g drop,4,16.16,15.919981679001387,0.1648051502984927,0.9988980405454227,10.0087,2.78,False,222.9,1.206018320998611,nan
balance_capture_10g_10d.csv,10 g drop,5,21.13,20.900611589186617,0.18699845613604502,0.9682853894413594,10.0055,2.97,False,110.2,1.0033884108133861,2.047388410813383
balance_capture_10g_10d.csv,10 g drop,6,26.49,26.25811796671969,0.22016027669645885,0.9962528903317528,10.0071,2.19,False,101.9,0.9928820332803063,2.2428820332803063
balance_capture_10g_10d.csv,10 g drop,7,31.65,31.409627048443745,0.18284958575767876,0.9981849354247743,10.0071,2.2,False,22.5,0.9173729515562528,1.8673729515562556
balance_capture_10g_10d.csv,10 g drop,8,37.1,36.785367421481176,0.15639552873068804,0.9993733574798873,10.0092,1.91,False,30.6,0.8906325785188187,2.041632578518822
balance_capture_10g_10d.csv,10 g drop,9,41.79,41.71756714809457,0.08974706871291935,0.9385787183935836,10.0089,2.77,False,76.7,0.8344328519054329,1.7914328519054337
balance_capture_10g_10d.csv,10 g drop,10,47.15,46.884161862473526,0.14430986277248903,0.9973613021019243,10.0085,1.82,False,146.4,0.831838137526475,nan
balance_capture_5g_10ad.csv,5 g alt drop (5-20 mm),1,1.81,1.6433220341616588,0.1668590832207541,0.9979995988147087,5.0061,1.54,False,39.2,0.9306779658383411,nan
balance_capture_5g_10ad.csv,5 g alt drop (5-20 mm),2,6.11,5.863625789426114,0.15817646283260003,0.9985685474091323,5.0088,2.2,False,49.2,0.9233742105738871,2.069374210573888
balance_capture_5g_10ad.csv,5 g alt drop (5-20 mm),3,11.18,10.85408847331876,0.14955782005004473,0.9992445817000496,5.0075,1.54,False,20.5,0.9039115266812416,1.67291152668124
balance_capture_5g_10ad.csv,5 g alt drop (5-20 mm),4,15.96,15.655181843868657,0.19579288866583738,0.9973138340801345,5.0078,2.39,False,265.5,1.0718181561313465,nan
balance_capture_5g_10ad.csv,5 g alt drop (5-20 mm),5,21.13,20.875373498201963,0.1473000339589798,0.997291967874082,5.0058,2.02,False,262.8,0.82762650179804,nan
balance_capture_5g_10ad.csv,5 g alt drop (5-20 mm),6,26.1,25.846705942157893,0.11369439610900922,0.9968708187907119,5.006,2.4,False,72.7,1.0162940578421065,nan
balance_capture_5g_10ad.csv,5 g alt drop (5-20 mm),7,31.56,31.320568812570638,0.2271842049785829,0.9949595000239748,5.0099,1.62,False,215.7,0.6114311874293641,nan
balance_capture_5g_10ad.csv,5 g alt drop (5-20 mm),8,35.77,nan,nan,nan,3.5227,0.18,True,,nan,nan
balance_capture_5g_10ad.csv,5 g alt drop (5-20 mm),9,36.71,nan,nan,nan,5.3676,0.67,True,,nan,nan
balance_capture_5g_10ad.csv,5 g alt drop (5-20 mm),10,38.15,37.89464177593643,0.11661012490623475,-0.37905748100542946,4.5038,2.2,False,90.4,1.0183582240635758,nan
balance_capture_5g_10ad.csv,5 g alt drop (5-20 mm),11,43.22,42.97463943739982,0.19010347449997061,0.9979794680480046,5.0064,1.82,False,11.0,0.627360562600181,1.6773605626001782
balance_capture_5g_10ad.csv,5 g alt drop (5-20 mm),12,47.81,nan,nan,nan,2.975,0.19,True,,nan,nan
balance_capture_5g_10ad.csv,5 g alt drop (5-20 mm),13,52.4,52.15610234001729,0.1691696628336282,0.9981592672202247,5.0356,2.58,False,35.3,1.0128976599827126,nan
balance_capture_10g_10l.csv,10 g lay-down,1,1.62,1.364462000584761,0.18627686080328026,0.9859657091750299,10.0076,2.87,False,28.7,0.8265379994152393,2.5495379994152394
balance_capture_10g_10l.csv,10 g lay-down,2,8.12,7.839430274528031,0.14504734915890694,0.9351324563982849,10.0069,3.35,False,244.7,0.8575697254719703,1.8115697254719692
balance_capture_10g_10l.csv,10 g lay-down,3,14.34,14.008684373808062,0.1895943399751661,0.9800684128844265,10.0066,3.53,False,2.1,1.479315626191939,nan
balance_capture_10g_10l.csv,10 g lay-down,4,21.51,21.264730639156586,0.14322533997825188,0.9235211000078615,10.0076,2.96,False,0.1,0.821269360843413,1.3982693608434147
balance_capture_10g_10l.csv,10 g lay-down,5,28.69,28.399405544433076,0.2059771769747036,0.9874539064202751,10.0047,3.25,False,2.7,1.3335944555669244,2.8665944555669256
balance_capture_10g_10l.csv,10 g lay-down,6,36.14,35.895363814013145,0.12629243370254256,0.97840997284331,10.0071,2.96,False,54.7,0.8286361859868592,2.265636185986857
balance_capture_10g_10l.csv,10 g lay-down,7,42.75,42.393587608826856,0.15188509754506319,0.9933730122181326,10.0062,2.38,False,162.0,0.9194123911731467,nan
balance_capture_10g_10l.csv,10 g lay-down,8,48.67,48.400953131396726,0.16456809049949905,0.9426878251350239,10.0065,3.07,False,1.1,0.9410468686032729,nan
