powder_id,run,t_ms,mass_g,frame,tilt_deg,auger_rpm_cmd,taps_cum,phase
salt,run2,140,1.9243,S,0.0,0.00,0,preroll
salt,run2,235,1.9243,S,0.0,0.00,0,preroll
salt,run2,331,1.9243,S,0.0,0.00,0,preroll
salt,run2,427,1.9243,S,0.0,0.00,0,preroll
salt,run2,523,1.9243,S,0.0,0.00,0,preroll
salt,run2,617,1.9243,S,0.0,0.00,0,preroll
salt,run2,712,1.9243,S,0.0,0.00,0,preroll
salt,run2,808,1.9243,S,0.0,0.00,0,preroll
salt,run2,904,1.9243,S,0.0,0.00,0,preroll
salt,run2,1000,1.9243,S,0.0,0.00,0,preroll
salt,run2,1096,1.9243,S,0.0,0.00,0,preroll
salt,run2,1192,1.9243,S,0.0,0.00,0,preroll
salt,run2,1287,1.9243,S,0.0,0.00,0,preroll
salt,run2,1383,1.9243,S,0.0,0.00,0,preroll
salt,run2,1479,1.9243,S,0.0,0.00,0,preroll
salt,run2,1573,1.9243,S,0.0,0.00,0,preroll
salt,run2,1669,1.9243,S,0.0,0.00,0,preroll
salt,run2,1765,1.9243,S,0.0,0.00,0,preroll
salt,run2,1860,1.9243,S,0.0,0.00,0,preroll
salt,run2,1956,1.9243,S,0.0,0.00,0,preroll
salt,run2,2052,1.9243,S,0.0,0.00,0,preroll
salt,run2,2148,1.9243,S,0.0,0.00,0,preroll
salt,run2,2244,1.9243,S,0.0,0.00,0,preroll
salt,run2,2340,1.9243,S,0.0,0.00,0,preroll
salt,run2,2434,1.9243,S,0.0,0.00,0,preroll
salt,run2,2529,1.9243,S,0.0,0.00,0,preroll
salt,run2,2625,1.9243,S,0.0,0.00,0,preroll
salt,run2,2721,1.9243,S,0.0,0.00,0,preroll
salt,run2,2817,1.9243,S,0.0,0.00,0,preroll
salt,run2,2913,1.9243,S,0.0,0.00,0,preroll
salt,run2,3009,1.9243,S,0.0,0.00,0,preroll
salt,run2,3104,1.9243,S,0.0,0.00,0,preroll
salt,run2,3200,1.9243,S,0.0,0.00,0,preroll
salt,run2,3294,1.9243,S,0.0,0.00,0,preroll
salt,run2,3390,1.9243,S,0.0,0.00,0,preroll
salt,run2,3486,1.9243,S,0.0,0.00,0,preroll
salt,run2,3582,1.9243,S,0.0,0.00,0,preroll
salt,run2,3678,1.9243,S,0.0,0.00,0,preroll
salt,run2,3773,1.9243,S,0.0,0.00,0,preroll
salt,run2,3869,1.9243,S,0.0,0.00,0,preroll
salt,run2,3965,1.9243,S,0.0,0.00,0,preroll
salt,run2,4061,1.9243,S,0.0,0.00,0,preroll
salt,run2,4155,1.9243,S,0.0,0.00,0,preroll
salt,run2,4251,1.9243,S,0.0,0.00,0,preroll
salt,run2,4346,1.9243,S,0.0,0.00,0,preroll
salt,run2,4442,1.9243,S,0.0,0.00,0,preroll
salt,run2,4538,1.9243,S,0.0,0.00,0,preroll
salt,run2,4634,1.9243,S,0.0,0.00,0,preroll
salt,run2,4730,1.9243,S,0.0,0.00,0,preroll
salt,run2,4826,1.9243,S,0.0,0.00,0,preroll
salt,run2,4922,1.9243,S,0.0,0.00,0,preroll
salt,run2,5017,1.9243,S,0.0,0.00,0,preroll
salt,run2,5111,1.9243,S,0.0,0.00,0,preroll
salt,run2,5207,1.9243,S,0.0,0.00,0,preroll
salt,run2,5303,1.9243,S,0.0,0.00,0,preroll
salt,run2,5399,1.9243,S,0.0,0.00,0,preroll
salt,run2,5495,1.9243,S,0.0,0.00,0,preroll
salt,run2,5590,1.9243,S,0.0,0.00,0,preroll
salt,run2,5686,1.9243,S,0.0,0.00,0,preroll
salt,run2,5782,1.9243,S,0.0,0.00,0,preroll
salt,run2,5878,1.9243,S,0.0,0.00,0,preroll
salt,run2,5972,1.9243,S,0.0,0.00,0,preroll
salt,run2,6068,1.9243,S,0.0,0.00,0,preroll
salt,run2,6164,1.9243,S,0.0,0.00,0,preroll
salt,run2,6260,1.9243,S,0.0,0.00,0,preroll
salt,run2,6355,1.9243,S,0.0,0.00,0,preroll
salt,run2,6451,1.9243,S,0.0,0.00,0,preroll
salt,run2,6547,1.9243,S,0.0,0.00,0,preroll
salt,run2,6643,1.9243,S,0.0,0.00,0,preroll
salt,run2,6739,1.9243,S,0.0,0.00,0,preroll
salt,run2,6833,1.9243,S,0.0,0.00,0,preroll
salt,run2,6928,1.9243,S,0.0,0.00,0,preroll
salt,run2,7024,1.9243,S,0.0,0.00,0,preroll
salt,run2,7120,1.9243,S,0.0,0.00,0,preroll
salt,run2,7216,1.9243,S,0.0,0.00,0,preroll
salt,run2,7312,1.9243,S,0.0,0.00,0,preroll
salt,run2,7408,1.9243,S,0.0,0.00,0,preroll
salt,run2,7503,1.9243,S,0.0,0.00,0,preroll
salt,run2,7599,1.9243,S,0.0,0.00,0,preroll
salt,run2,7695,1.9243,S,0.0,0.00,0,preroll
salt,run2,7789,1.9243,S,0.0,0.00,0,preroll
salt,run2,7885,1.9243,S,0.0,0.00,0,preroll
salt,run2,7981,1.9243,S,0.0,0.00,0,preroll
salt,run2,8076,1.9243,S,0.0,0.00,0,preroll
salt,run2,8172,1.9243,S,0.0,0.00,0,preroll
salt,run2,8268,1.9243,S,0.0,0.00,0,preroll
salt,run2,8364,1.9243,S,0.0,0.00,0,preroll
salt,run2,8460,1.9243,S,0.0,0.00,0,preroll
salt,run2,8556,1.9243,S,0.0,0.00,0,preroll
salt,run2,8650,1.9243,S,0.0,0.00,0,preroll
salt,run2,8746,1.9243,S,0.0,0.00,0,preroll
salt,run2,8841,1.9243,S,0.0,0.00,0,preroll
salt,run2,8937,1.9243,S,0.0,0.00,0,preroll
salt,run2,9033,1.9243,S,0.0,0.00,0,preroll
salt,run2,9129,1.9243,S,0.0,0.00,0,preroll
salt,run2,9225,1.9243,S,0.0,0.00,0,preroll
salt,run2,9321,1.9243,S,0.0,0.00,0,preroll
salt,run2,9416,1.9243,S,0.0,0.00,0,preroll
salt,run2,9510,1.9243,S,0.0,0.00,0,preroll
salt,run2,9606,1.9243,S,0.0,0.00,0,preroll
salt,run2,9702,1.9243,S,0.0,0.00,0,preroll
salt,run2,9798,1.9243,S,0.0,0.00,0,preroll
salt,run2,9894,1.9243,S,0.0,0.00,0,preroll
salt,run2,9990,1.9243,S,0.0,0.00,0,preroll
salt,run2,10755,0.0000,S,0.0,0.00,0,tare
salt,run2,10850,0.0000,S,0.0,0.00,0,dose
salt,run2,10955,0.0000,S,1.1,45.00,0,dose
salt,run2,11049,0.0000,S,2.4,45.00,0,dose
salt,run2,11143,0.0000,S,3.5,45.00,0,dose
salt,run2,11237,0.0000,S,4.6,45.00,0,dose
salt,run2,11331,0.0000,S,5.8,45.00,0,dose
salt,run2,11425,0.0000,S,6.9,45.00,0,dose
salt,run2,11519,0.0000,S,8.0,45.00,0,dose
salt,run2,11615,0.0000,S,9.1,45.00,0,dose
salt,run2,11711,0.0000,S,10.3,45.00,0,dose
salt,run2,11806,0.0071,U,11.4,45.00,0,dose
salt,run2,11901,0.0133,U,12.6,45.00,0,dose
salt,run2,11998,0.0215,U,13.7,45.00,0,dose
salt,run2,12093,0.0310,U,14.9,45.00,0,dose
salt,run2,12188,0.0413,U,16.0,45.00,0,dose
salt,run2,12283,0.0524,U,17.2,45.00,0,dose
salt,run2,12379,0.0640,U,18.3,45.00,0,dose
salt,run2,12474,0.0753,U,19.5,45.00,0,dose
salt,run2,12571,0.0852,U,20.6,45.00,0,dose
salt,run2,12666,0.0928,U,21.8,45.00,0,dose
salt,run2,12762,0.0980,U,22.9,45.00,0,dose
salt,run2,12858,0.1010,U,24.1,45.00,0,dose
salt,run2,12953,0.1024,U,25.0,45.00,0,dose
salt,run2,13049,0.1034,U,25.0,45.00,0,dose
salt,run2,13143,0.1052,U,25.0,45.00,0,dose
salt,run2,13239,0.1088,U,25.0,45.00,0,dose
salt,run2,13335,0.1147,U,25.0,45.00,0,dose
salt,run2,13431,0.1228,U,25.0,45.00,0,dose
salt,run2,13526,0.1333,U,25.0,45.00,0,dose
salt,run2,13622,0.1461,U,25.0,45.00,0,dose
salt,run2,13718,0.1616,U,25.0,45.00,0,dose
salt,run2,13814,0.1805,U,25.0,45.00,0,dose
salt,run2,13910,0.2031,U,25.0,45.00,0,dose
salt,run2,14004,0.2296,U,25.0,45.00,0,dose
salt,run2,14100,0.2589,U,25.0,45.00,0,dose
salt,run2,14195,0.2881,U,25.0,45.00,0,dose
salt,run2,14291,0.3136,U,25.0,45.00,0,dose
salt,run2,14387,0.3324,U,25.0,45.00,0,dose
salt,run2,14483,0.3438,U,25.0,45.00,0,dose
salt,run2,14579,0.3490,U,25.0,45.00,0,dose
salt,run2,14675,0.3501,U,25.0,45.00,0,dose
salt,run2,14770,0.3500,U,25.0,45.00,0,dose
salt,run2,14864,0.3513,U,25.0,45.00,0,dose
salt,run2,14960,0.3559,U,25.0,45.00,0,dose
salt,run2,15056,0.3649,U,25.0,45.00,0,dose
salt,run2,15152,0.3789,U,25.0,45.00,0,dose
salt,run2,15248,0.3980,U,25.0,45.00,0,dose
salt,run2,15343,0.4221,U,25.0,45.00,0,dose
salt,run2,15439,0.4503,U,25.0,45.00,0,dose
salt,run2,15535,0.4799,U,25.0,45.00,0,dose
salt,run2,15631,0.5067,U,25.0,45.00,0,dose
salt,run2,15727,0.5268,U,25.0,45.00,0,dose
salt,run2,15821,0.5387,U,25.0,45.00,0,dose
salt,run2,15917,0.5439,U,25.0,45.00,0,dose
salt,run2,16012,0.5450,U,25.0,45.00,0,dose
salt,run2,16108,0.5450,U,25.0,45.00,0,dose
salt,run2,16204,0.5465,U,25.0,45.00,0,dose
salt,run2,16300,0.5517,U,25.0,45.00,0,dose
salt,run2,16396,0.5614,U,25.0,45.00,0,dose
salt,run2,16492,0.5765,U,25.0,44.40,0,dose
salt,run2,16587,0.5970,U,25.0,42.80,0,dose
salt,run2,16681,0.6226,U,25.0,40.41,0,dose
salt,run2,16777,0.6518,U,25.0,37.23,0,dose
salt,run2,16882,0.6818,U,25.0,33.49,0,dose
salt,run2,16976,0.7086,U,25.0,29.63,0,dose
salt,run2,17070,0.7289,U,25.0,25.78,0,dose
salt,run2,17164,0.7412,U,25.0,22.61,0,dose
salt,run2,17258,0.7465,U,25.0,20.39,0,dose
salt,run2,17352,0.7476,U,25.0,19.15,0,dose
salt,run2,17448,0.7479,U,25.0,18.56,0,dose
salt,run2,17542,0.7503,U,25.0,18.35,0,dose
salt,run2,17638,0.7560,U,25.0,18.00,0,dose
salt,run2,17734,0.7648,U,25.0,17.35,0,dose
salt,run2,17829,0.7758,U,25.0,16.34,0,dose
salt,run2,17926,0.7877,U,25.0,15.06,0,dose
salt,run2,18021,0.7998,U,25.0,13.82,0,dose
salt,run2,18117,0.8120,U,25.0,12.79,0,dose
salt,run2,18213,0.8240,U,25.0,12.14,0,dose
salt,run2,18309,0.8354,U,25.0,11.86,0,dose
salt,run2,18403,0.8463,U,25.0,11.79,0,dose
salt,run2,18499,0.8564,U,25.0,11.95,0,dose
salt,run2,18594,0.8650,U,25.0,11.98,0,dose
salt,run2,18690,0.8706,U,25.0,11.69,0,dose
salt,run2,18786,0.8727,U,25.0,11.23,0,dose
salt,run2,18882,0.8722,U,25.0,10.82,0,dose
salt,run2,18978,0.8709,U,25.0,10.67,0,dose
salt,run2,19074,0.8698,U,25.0,10.89,0,dose
salt,run2,19170,0.8692,U,25.0,11.42,0,dose
salt,run2,19265,0.8691,U,25.0,12.25,0,dose
salt,run2,19359,0.8690,U,25.0,13.31,0,dose
salt,run2,19455,0.8690,U,25.0,14.51,0,dose
salt,run2,19551,0.8690,U,25.0,15.83,0,dose
salt,run2,19647,0.8690,U,25.0,17.14,0,dose
salt,run2,19743,0.8690,S,25.0,18.47,0,dose
salt,run2,19838,0.8690,S,25.0,19.80,0,dose
salt,run2,19934,0.8690,S,25.0,21.10,0,dose
salt,run2,20030,0.8690,S,25.0,22.34,0,dose
salt,run2,20126,0.8690,S,25.0,23.48,0,dose
salt,run2,20220,0.8690,S,25.0,24.42,0,dose
salt,run2,20316,0.8693,U,25.0,25.08,0,dose
salt,run2,20412,0.8763,U,25.0,25.42,0,dose
salt,run2,20507,0.8847,U,25.0,24.83,0,dose
salt,run2,20603,0.8964,U,25.0,23.53,0,dose
salt,run2,20699,0.9097,U,25.0,21.48,0,dose
salt,run2,20795,0.9226,U,25.0,18.84,0,dose
salt,run2,20891,0.9341,U,25.0,15.89,0,dose
salt,run2,20986,0.9443,U,25.0,12.89,0,dose
salt,run2,21080,0.9537,U,25.0,10.01,0,dose
salt,run2,21176,0.9623,U,25.0,7.28,0,dose
salt,run2,21272,0.9703,U,25.0,0.00,0,dose
salt,run2,21368,0.9775,U,23.8,0.00,0,dose
salt,run2,21464,0.9844,U,22.7,0.00,0,dose
salt,run2,21560,0.9911,U,21.5,0.00,0,dose
salt,run2,21655,0.9971,U,20.4,0.00,0,dose
salt,run2,21751,1.0014,U,19.3,0.00,0,dose
salt,run2,21847,1.0033,U,18.1,0.00,0,dose
salt,run2,21944,1.0034,U,18.1,0.00,0,dose
salt,run2,22037,1.0026,U,18.1,0.00,0,dose
salt,run2,22133,1.0018,U,18.1,0.00,0,dose
salt,run2,22229,1.0014,U,18.1,0.00,0,dose
salt,run2,22324,1.0013,U,18.1,0.00,0,dose
salt,run2,22420,1.0013,U,18.1,0.00,0,dose
salt,run2,22516,1.0013,U,18.1,0.00,0,dose
salt,run2,22612,1.0013,U,18.1,0.00,0,dose
salt,run2,22708,1.0013,S,18.1,0.00,0,dose
salt,run2,22804,1.0013,S,18.1,0.00,0,dose
salt,run2,22898,1.0013,S,18.1,0.00,0,dose
salt,run2,22994,1.0013,S,18.1,0.00,0,dose
salt,run2,23089,1.0013,S,18.1,0.00,0,dose
salt,run2,23185,1.0013,S,18.1,0.00,0,dose
salt,run2,23281,1.0013,S,18.1,0.00,0,dose
salt,run2,23377,1.0013,S,18.1,0.00,0,dose
salt,run2,23473,1.0013,S,18.1,0.00,0,dose
salt,run2,23569,1.0012,S,18.1,0.00,0,dose
salt,run2,23664,1.0012,S,18.1,0.00,0,dose
salt,run2,23769,1.0012,S,18.1,0.00,0,dose
salt,run2,23962,1.0012,S,18.1,0.00,0,dose
salt,run2,24142,1.0012,S,18.1,0.00,0,dose
salt,run2,24238,1.0012,S,18.1,0.00,0,dose
salt,run2,24334,1.0012,S,18.1,0.00,0,dose
salt,run2,24525,1.0012,S,18.1,0.00,0,postroll
salt,run2,24621,1.0012,S,18.1,0.00,0,postroll
salt,run2,24715,1.0012,S,18.1,0.00,0,postroll
salt,run2,24811,1.0012,S,18.1,0.00,0,postroll
salt,run2,24907,1.0012,S,18.1,0.00,0,postroll
salt,run2,25003,1.0012,S,18.1,0.00,0,postroll
salt,run2,25099,1.0012,S,18.1,0.00,0,postroll
salt,run2,25194,1.0012,S,18.1,0.00,0,postroll
salt,run2,25290,1.0012,S,18.1,0.00,0,postroll
salt,run2,25386,1.0012,S,18.1,0.00,0,postroll
salt,run2,25482,1.0012,S,18.1,0.00,0,postroll
salt,run2,25576,1.0012,S,18.1,0.00,0,postroll
salt,run2,25672,1.0012,S,18.1,0.00,0,postroll
salt,run2,25768,1.0012,S,18.1,0.00,0,postroll
salt,run2,25863,1.0012,S,18.1,0.00,0,postroll
salt,run2,25959,1.0012,S,18.1,0.00,0,postroll
salt,run2,26055,1.0012,S,18.1,0.00,0,postroll
salt,run2,26151,1.0012,S,18.1,0.00,0,postroll
salt,run2,26247,1.0012,S,18.1,0.00,0,postroll
salt,run2,26343,1.0012,S,18.1,0.00,0,postroll
salt,run2,26437,1.0012,S,18.1,0.00,0,postroll
salt,run2,26532,1.0012,S,18.1,0.00,0,postroll
salt,run2,26628,1.0012,S,18.1,0.00,0,postroll
salt,run2,26724,1.0012,S,18.1,0.00,0,postroll
salt,run2,26820,1.0012,S,18.1,0.00,0,postroll
salt,run2,26916,1.0012,S,18.1,0.00,0,postroll
salt,run2,27012,1.0012,S,18.1,0.00,0,postroll
salt,run2,27108,1.0012,S,18.1,0.00,0,postroll
salt,run2,27204,1.0012,S,18.1,0.00,0,postroll
salt,run2,27300,1.0012,S,18.1,0.00,0,postroll
salt,run2,27393,1.0012,S,18.1,0.00,0,postroll
salt,run2,27489,1.0012,S,18.1,0.00,0,postroll
salt,run2,27585,1.0012,S,18.1,0.00,0,postroll
salt,run2,27681,1.0012,S,18.1,0.00,0,postroll
salt,run2,27777,1.0012,S,18.1,0.00,0,postroll
salt,run2,27873,1.0012,S,18.1,0.00,0,postroll
salt,run2,27969,1.0012,S,18.1,0.00,0,postroll
salt,run2,28064,1.0012,S,18.1,0.00,0,postroll
salt,run2,28160,1.0012,S,18.1,0.00,0,postroll
salt,run2,28254,1.0012,S,18.1,0.00,0,postroll
salt,run2,28350,1.0012,S,18.1,0.00,0,postroll
salt,run2,28446,1.0012,S,18.1,0.00,0,postroll
salt,run2,28542,1.0012,S,18.1,0.00,0,postroll
salt,run2,28638,1.0012,S,18.1,0.00,0,postroll
salt,run2,28733,1.0012,S,18.1,0.00,0,postroll
salt,run2,28829,1.0012,S,18.1,0.00,0,postroll
salt,run2,28925,1.0012,S,18.1,0.00,0,postroll
salt,run2,29021,1.0012,S,18.1,0.00,0,postroll
salt,run2,29115,1.0012,S,18.1,0.00,0,postroll
salt,run2,29211,1.0012,S,18.1,0.00,0,postroll
salt,run2,29307,1.0012,S,18.1,0.00,0,postroll
salt,run2,29402,1.0012,S,18.1,0.00,0,postroll
salt,run2,29498,1.0012,S,18.1,0.00,0,postroll
salt,run2,29594,1.0012,S,18.1,0.00,0,postroll
salt,run2,29690,1.0012,S,18.1,0.00,0,postroll
salt,run2,29786,1.0012,S,18.1,0.00,0,postroll
salt,run2,29882,1.0012,S,18.1,0.00,0,postroll
salt,run2,29978,1.0012,S,18.1,0.00,0,postroll
salt,run2,30071,1.0012,S,18.1,0.00,0,postroll
salt,run2,30167,1.0012,S,18.1,0.00,0,postroll
salt,run2,30263,1.0012,S,18.1,0.00,0,postroll
salt,run2,30359,1.0012,S,18.1,0.00,0,postroll
salt,run2,30455,1.0012,S,18.1,0.00,0,postroll
salt,run2,30551,1.0012,S,18.1,0.00,0,postroll
salt,run2,30646,1.0012,S,18.1,0.00,0,postroll
salt,run2,30742,1.0012,S,18.1,0.00,0,postroll
salt,run2,30838,1.0012,S,18.1,0.00,0,postroll
salt,run2,30932,1.0012,S,18.1,0.00,0,postroll
salt,run2,31028,1.0012,S,18.1,0.00,0,postroll
salt,run2,31124,1.0012,S,18.1,0.00,0,postroll
salt,run2,31219,1.0012,S,18.1,0.00,0,postroll
salt,run2,31315,1.0012,S,18.1,0.00,0,postroll
salt,run2,31411,1.0012,S,18.1,0.00,0,postroll
salt,run2,31507,1.0012,S,18.1,0.00,0,postroll
salt,run2,31603,1.0012,S,18.1,0.00,0,postroll
salt,run2,31699,1.0012,S,18.1,0.00,0,postroll
salt,run2,31793,1.0012,S,18.1,0.00,0,postroll
salt,run2,31888,1.0012,S,18.1,0.00,0,postroll
salt,run2,31984,1.0012,S,18.1,0.00,0,postroll
salt,run2,32080,1.0012,S,18.1,0.00,0,postroll
salt,run2,32176,1.0012,S,18.1,0.00,0,postroll
salt,run2,32272,1.0012,S,18.1,0.00,0,postroll
salt,run2,32368,1.0012,S,18.1,0.00,0,postroll
salt,run2,32463,1.0012,S,18.1,0.00,0,postroll
salt,run2,32559,1.0012,S,18.1,0.00,0,postroll
salt,run2,32653,1.0012,S,18.1,0.00,0,postroll
salt,run2,32749,1.0012,S,18.1,0.00,0,postroll
salt,run2,32845,1.0012,S,18.1,0.00,0,postroll
salt,run2,32941,1.0012,S,18.1,0.00,0,postroll
salt,run2,33037,1.0012,S,18.1,0.00,0,postroll
salt,run2,33132,1.0012,S,18.1,0.00,0,postroll
salt,run2,33228,1.0012,S,18.1,0.00,0,postroll
salt,run2,33324,1.0012,S,18.1,0.00,0,postroll
salt,run2,33420,1.0012,S,18.1,0.00,0,postroll
salt,run2,33516,1.0012,S,18.1,0.00,0,postroll
salt,run2,33610,1.0012,S,18.1,0.00,0,postroll
salt,run2,33705,1.0012,S,18.1,0.00,0,postroll
salt,run2,33801,1.0012,S,18.1,0.00,0,postroll
salt,run2,33897,1.0012,S,18.1,0.00,0,postroll
salt,run2,33993,1.0012,S,18.1,0.00,0,postroll
salt,run2,34089,1.0012,S,18.1,0.00,0,postroll
salt,run2,34185,1.0012,S,18.1,0.00,0,postroll
salt,run2,34281,1.0012,S,18.1,0.00,0,postroll
salt,run2,34376,1.0012,S,18.1,0.00,0,postroll
salt,run2,34470,1.0012,S,18.1,0.00,0,home
salt,run2,34566,1.0012,S,15.1,0.00,0,home
salt,run2,34662,1.0012,S,12.1,0.00,0,home
salt,run2,34758,1.0012,S,9.1,0.00,0,home
salt,run2,34854,1.0012,S,6.1,0.00,0,home
salt,run2,34949,1.0012,S,3.1,0.00,0,home
salt,run2,35045,1.0012,S,0.1,0.00,0,home
